Protein1,Protein2,AbsPos1,AbsPos2
sp|P10636-8|TAU_HUMAN,sp|P10636-8|TAU_HUMAN,129,87
sp|P10636-8|TAU_HUMAN,sp|P10636-8|TAU_HUMAN,129,94
sp|P10636-8|TAU_HUMAN,sp|P10636-8|TAU_HUMAN,129,121
sp|P10636-8|TAU_HUMAN,sp|P10636-8|TAU_HUMAN,129,126
sp|P10636-8|TAU_HUMAN,sp|P10636-8|TAU_HUMAN,129,130
sp|P10636-8|TAU_HUMAN,sp|P10636-8|TAU_HUMAN,129,132
sp|P10636-8|TAU_HUMAN,sp|P10636-8|TAU_HUMAN,129,140
sp|P10636-8|TAU_HUMAN,sp|P10636-8|TAU_HUMAN,129,141
sp|P10636-8|TAU_HUMAN,sp|P10636-8|TAU_HUMAN,129,143
sp|P10636-8|TAU_HUMAN,sp|P10636-8|TAU_HUMAN,129,148
sp|P10636-8|TAU_HUMAN,sp|P10636-8|TAU_HUMAN,129,150
sp|P10636-8|TAU_HUMAN,sp|P10636-8|TAU_HUMAN,129,155
sp|P10636-8|TAU_HUMAN,sp|P10636-8|TAU_HUMAN,129,163
sp|P10636-8|TAU_HUMAN,sp|P10636-8|TAU_HUMAN,129,170
sp|P10636-8|TAU_HUMAN,sp|P10636-8|TAU_HUMAN,129,174
sp|P10636-8|TAU_HUMAN,sp|P10636-8|TAU_HUMAN,129,180
sp|P10636-8|TAU_HUMAN,sp|P10636-8|TAU_HUMAN,258,209
sp|P10636-8|TAU_HUMAN,sp|P10636-8|TAU_HUMAN,258,211
sp|P10636-8|TAU_HUMAN,sp|P10636-8|TAU_HUMAN,258,221
sp|P10636-8|TAU_HUMAN,sp|P10636-8|TAU_HUMAN,258,224
sp|P10636-8|TAU_HUMAN,sp|P10636-8|TAU_HUMAN,258,225
sp|P10636-8|TAU_HUMAN,sp|P10636-8|TAU_HUMAN,258,230
sp|P10636-8|TAU_HUMAN,sp|P10636-8|TAU_HUMAN,258,234
sp|P10636-8|TAU_HUMAN,sp|P10636-8|TAU_HUMAN,258,240
sp|P10636-8|TAU_HUMAN,sp|P10636-8|TAU_HUMAN,258,242
sp|P10636-8|TAU_HUMAN,sp|P10636-8|TAU_HUMAN,258,254
sp|P10636-8|TAU_HUMAN,sp|P10636-8|TAU_HUMAN,258,257
sp|P10636-8|TAU_HUMAN,sp|P10636-8|TAU_HUMAN,258,259
sp|P10636-8|TAU_HUMAN,sp|P10636-8|TAU_HUMAN,258,267
sp|P10636-8|TAU_HUMAN,sp|P10636-8|TAU_HUMAN,258,268
sp|P10636-8|TAU_HUMAN,sp|P10636-8|TAU_HUMAN,258,274
sp|P10636-8|TAU_HUMAN,sp|P10636-8|TAU_HUMAN,258,280
sp|P10636-8|TAU_HUMAN,sp|P10636-8|TAU_HUMAN,258,281
sp|P10636-8|TAU_HUMAN,sp|P10636-8|TAU_HUMAN,258,290
sp|P10636-8|TAU_HUMAN,sp|P10636-8|TAU_HUMAN,258,294
sp|P10636-8|TAU_HUMAN,sp|P10636-8|TAU_HUMAN,258,298
sp|P10636-8|TAU_HUMAN,sp|P10636-8|TAU_HUMAN,258,299
sp|P10636-8|TAU_HUMAN,sp|P10636-8|TAU_HUMAN,258,311
sp|P10636-8|TAU_HUMAN,sp|P10636-8|TAU_HUMAN,386,340
sp|P10636-8|TAU_HUMAN,sp|P10636-8|TAU_HUMAN,386,343
sp|P10636-8|TAU_HUMAN,sp|P10636-8|TAU_HUMAN,386,347
sp|P10636-8|TAU_HUMAN,sp|P10636-8|TAU_HUMAN,386,349
sp|P10636-8|TAU_HUMAN,sp|P10636-8|TAU_HUMAN,386,353
sp|P10636-8|TAU_HUMAN,sp|P10636-8|TAU_HUMAN,386,362
sp|P10636-8|TAU_HUMAN,sp|P10636-8|TAU_HUMAN,386,369
sp|P10636-8|TAU_HUMAN,sp|P10636-8|TAU_HUMAN,386,370
sp|P10636-8|TAU_HUMAN,sp|P10636-8|TAU_HUMAN,386,374
sp|P10636-8|TAU_HUMAN,sp|P10636-8|TAU_HUMAN,386,375
sp|P10636-8|TAU_HUMAN,sp|P10636-8|TAU_HUMAN,386,379
sp|P10636-8|TAU_HUMAN,sp|P10636-8|TAU_HUMAN,386,383
sp|P10636-8|TAU_HUMAN,sp|P10636-8|TAU_HUMAN,386,385
sp|P10636-8|TAU_HUMAN,sp|P10636-8|TAU_HUMAN,386,388
sp|P10636-8|TAU_HUMAN,sp|P10636-8|TAU_HUMAN,386,395
sp|P10636-8|TAU_HUMAN,sp|P10636-8|TAU_HUMAN,386,406
sp|P10636-8|TAU_HUMAN,sp|P10636-8|TAU_HUMAN,386,407
sp|P10636-8|TAU_HUMAN,sp|P10636-8|TAU_HUMAN,386,438
sp|P10636-8|TAU_HUMAN,sp|P10636-8|TAU_HUMAN,131,87
sp|P10636-8|TAU_HUMAN,sp|P10636-8|TAU_HUMAN,131,94
sp|P10636-8|TAU_HUMAN,sp|P10636-8|TAU_HUMAN,131,121
sp|P10636-8|TAU_HUMAN,sp|P10636-8|TAU_HUMAN,131,126
sp|P10636-8|TAU_HUMAN,sp|P10636-8|TAU_HUMAN,131,130
sp|P10636-8|TAU_HUMAN,sp|P10636-8|TAU_HUMAN,131,132
sp|P10636-8|TAU_HUMAN,sp|P10636-8|TAU_HUMAN,131,140
sp|P10636-8|TAU_HUMAN,sp|P10636-8|TAU_HUMAN,131,141
sp|P10636-8|TAU_HUMAN,sp|P10636-8|TAU_HUMAN,131,143
sp|P10636-8|TAU_HUMAN,sp|P10636-8|TAU_HUMAN,131,148
sp|P10636-8|TAU_HUMAN,sp|P10636-8|TAU_HUMAN,131,150
sp|P10636-8|TAU_HUMAN,sp|P10636-8|TAU_HUMAN,131,155
sp|P10636-8|TAU_HUMAN,sp|P10636-8|TAU_HUMAN,131,163
sp|P10636-8|TAU_HUMAN,sp|P10636-8|TAU_HUMAN,131,170
sp|P10636-8|TAU_HUMAN,sp|P10636-8|TAU_HUMAN,131,174
sp|P10636-8|TAU_HUMAN,sp|P10636-8|TAU_HUMAN,131,180
sp|P10636-8|TAU_HUMAN,sp|P10636-8|TAU_HUMAN,262,209
sp|P10636-8|TAU_HUMAN,sp|P10636-8|TAU_HUMAN,262,211
sp|P10636-8|TAU_HUMAN,sp|P10636-8|TAU_HUMAN,262,221
sp|P10636-8|TAU_HUMAN,sp|P10636-8|TAU_HUMAN,262,224
sp|P10636-8|TAU_HUMAN,sp|P10636-8|TAU_HUMAN,262,225
sp|P10636-8|TAU_HUMAN,sp|P10636-8|TAU_HUMAN,262,230
sp|P10636-8|TAU_HUMAN,sp|P10636-8|TAU_HUMAN,262,234
sp|P10636-8|TAU_HUMAN,sp|P10636-8|TAU_HUMAN,262,240
sp|P10636-8|TAU_HUMAN,sp|P10636-8|TAU_HUMAN,262,242
sp|P10636-8|TAU_HUMAN,sp|P10636-8|TAU_HUMAN,262,254
sp|P10636-8|TAU_HUMAN,sp|P10636-8|TAU_HUMAN,262,257
sp|P10636-8|TAU_HUMAN,sp|P10636-8|TAU_HUMAN,262,259
sp|P10636-8|TAU_HUMAN,sp|P10636-8|TAU_HUMAN,262,267
sp|P10636-8|TAU_HUMAN,sp|P10636-8|TAU_HUMAN,262,268
sp|P10636-8|TAU_HUMAN,sp|P10636-8|TAU_HUMAN,262,274
sp|P10636-8|TAU_HUMAN,sp|P10636-8|TAU_HUMAN,262,280
sp|P10636-8|TAU_HUMAN,sp|P10636-8|TAU_HUMAN,262,281
sp|P10636-8|TAU_HUMAN,sp|P10636-8|TAU_HUMAN,262,290
sp|P10636-8|TAU_HUMAN,sp|P10636-8|TAU_HUMAN,262,294
sp|P10636-8|TAU_HUMAN,sp|P10636-8|TAU_HUMAN,262,298
sp|P10636-8|TAU_HUMAN,sp|P10636-8|TAU_HUMAN,262,299
sp|P10636-8|TAU_HUMAN,sp|P10636-8|TAU_HUMAN,262,311
sp|P10636-8|TAU_HUMAN,sp|P10636-8|TAU_HUMAN,135,87
sp|P10636-8|TAU_HUMAN,sp|P10636-8|TAU_HUMAN,135,94
sp|P10636-8|TAU_HUMAN,sp|P10636-8|TAU_HUMAN,135,121
sp|P10636-8|TAU_HUMAN,sp|P10636-8|TAU_HUMAN,135,126
sp|P10636-8|TAU_HUMAN,sp|P10636-8|TAU_HUMAN,135,130
sp|P10636-8|TAU_HUMAN,sp|P10636-8|TAU_HUMAN,135,132
sp|P10636-8|TAU_HUMAN,sp|P10636-8|TAU_HUMAN,135,140
sp|P10636-8|TAU_HUMAN,sp|P10636-8|TAU_HUMAN,135,141
sp|P10636-8|TAU_HUMAN,sp|P10636-8|TAU_HUMAN,135,143
sp|P10636-8|TAU_HUMAN,sp|P10636-8|TAU_HUMAN,135,148
sp|P10636-8|TAU_HUMAN,sp|P10636-8|TAU_HUMAN,135,150
sp|P10636-8|TAU_HUMAN,sp|P10636-8|TAU_HUMAN,135,155
sp|P10636-8|TAU_HUMAN,sp|P10636-8|TAU_HUMAN,135,163
sp|P10636-8|TAU_HUMAN,sp|P10636-8|TAU_HUMAN,135,170
sp|P10636-8|TAU_HUMAN,sp|P10636-8|TAU_HUMAN,135,174
sp|P10636-8|TAU_HUMAN,sp|P10636-8|TAU_HUMAN,135,180
sp|P10636-8|TAU_HUMAN,sp|P10636-8|TAU_HUMAN,263,209
sp|P10636-8|TAU_HUMAN,sp|P10636-8|TAU_HUMAN,263,211
sp|P10636-8|TAU_HUMAN,sp|P10636-8|TAU_HUMAN,263,221
sp|P10636-8|TAU_HUMAN,sp|P10636-8|TAU_HUMAN,263,224
sp|P10636-8|TAU_HUMAN,sp|P10636-8|TAU_HUMAN,263,225
sp|P10636-8|TAU_HUMAN,sp|P10636-8|TAU_HUMAN,263,230
sp|P10636-8|TAU_HUMAN,sp|P10636-8|TAU_HUMAN,263,234
sp|P10636-8|TAU_HUMAN,sp|P10636-8|TAU_HUMAN,263,240
sp|P10636-8|TAU_HUMAN,sp|P10636-8|TAU_HUMAN,263,242
sp|P10636-8|TAU_HUMAN,sp|P10636-8|TAU_HUMAN,263,254
sp|P10636-8|TAU_HUMAN,sp|P10636-8|TAU_HUMAN,263,257
sp|P10636-8|TAU_HUMAN,sp|P10636-8|TAU_HUMAN,263,259
sp|P10636-8|TAU_HUMAN,sp|P10636-8|TAU_HUMAN,263,267
sp|P10636-8|TAU_HUMAN,sp|P10636-8|TAU_HUMAN,263,268
sp|P10636-8|TAU_HUMAN,sp|P10636-8|TAU_HUMAN,263,274
sp|P10636-8|TAU_HUMAN,sp|P10636-8|TAU_HUMAN,263,280
sp|P10636-8|TAU_HUMAN,sp|P10636-8|TAU_HUMAN,263,281
sp|P10636-8|TAU_HUMAN,sp|P10636-8|TAU_HUMAN,263,290
sp|P10636-8|TAU_HUMAN,sp|P10636-8|TAU_HUMAN,263,294
sp|P10636-8|TAU_HUMAN,sp|P10636-8|TAU_HUMAN,263,298
sp|P10636-8|TAU_HUMAN,sp|P10636-8|TAU_HUMAN,263,299
sp|P10636-8|TAU_HUMAN,sp|P10636-8|TAU_HUMAN,263,311
sp|P10636-8|TAU_HUMAN,sp|P10636-8|TAU_HUMAN,263,317
sp|P10636-8|TAU_HUMAN,sp|P10636-8|TAU_HUMAN,137,87
sp|P10636-8|TAU_HUMAN,sp|P10636-8|TAU_HUMAN,137,94
sp|P10636-8|TAU_HUMAN,sp|P10636-8|TAU_HUMAN,137,121
sp|P10636-8|TAU_HUMAN,sp|P10636-8|TAU_HUMAN,137,126
sp|P10636-8|TAU_HUMAN,sp|P10636-8|TAU_HUMAN,137,130
sp|P10636-8|TAU_HUMAN,sp|P10636-8|TAU_HUMAN,137,132
sp|P10636-8|TAU_HUMAN,sp|P10636-8|TAU_HUMAN,137,140
sp|P10636-8|TAU_HUMAN,sp|P10636-8|TAU_HUMAN,137,141
sp|P10636-8|TAU_HUMAN,sp|P10636-8|TAU_HUMAN,137,143
sp|P10636-8|TAU_HUMAN,sp|P10636-8|TAU_HUMAN,137,148
sp|P10636-8|TAU_HUMAN,sp|P10636-8|TAU_HUMAN,137,150
sp|P10636-8|TAU_HUMAN,sp|P10636-8|TAU_HUMAN,137,155
sp|P10636-8|TAU_HUMAN,sp|P10636-8|TAU_HUMAN,137,163
sp|P10636-8|TAU_HUMAN,sp|P10636-8|TAU_HUMAN,137,170
sp|P10636-8|TAU_HUMAN,sp|P10636-8|TAU_HUMAN,137,174
sp|P10636-8|TAU_HUMAN,sp|P10636-8|TAU_HUMAN,137,180
sp|P10636-8|TAU_HUMAN,sp|P10636-8|TAU_HUMAN,137,190
sp|P10636-8|TAU_HUMAN,sp|P10636-8|TAU_HUMAN,394,340
sp|P10636-8|TAU_HUMAN,sp|P10636-8|TAU_HUMAN,394,343
sp|P10636-8|TAU_HUMAN,sp|P10636-8|TAU_HUMAN,394,347
sp|P10636-8|TAU_HUMAN,sp|P10636-8|TAU_HUMAN,394,349
sp|P10636-8|TAU_HUMAN,sp|P10636-8|TAU_HUMAN,394,353
sp|P10636-8|TAU_HUMAN,sp|P10636-8|TAU_HUMAN,394,362
sp|P10636-8|TAU_HUMAN,sp|P10636-8|TAU_HUMAN,394,369
sp|P10636-8|TAU_HUMAN,sp|P10636-8|TAU_HUMAN,394,370
sp|P10636-8|TAU_HUMAN,sp|P10636-8|TAU_HUMAN,394,374
sp|P10636-8|TAU_HUMAN,sp|P10636-8|TAU_HUMAN,394,375
sp|P10636-8|TAU_HUMAN,sp|P10636-8|TAU_HUMAN,394,379
sp|P10636-8|TAU_HUMAN,sp|P10636-8|TAU_HUMAN,394,383
sp|P10636-8|TAU_HUMAN,sp|P10636-8|TAU_HUMAN,394,385
sp|P10636-8|TAU_HUMAN,sp|P10636-8|TAU_HUMAN,394,388
sp|P10636-8|TAU_HUMAN,sp|P10636-8|TAU_HUMAN,394,395
sp|P10636-8|TAU_HUMAN,sp|P10636-8|TAU_HUMAN,394,406
sp|P10636-8|TAU_HUMAN,sp|P10636-8|TAU_HUMAN,394,407
sp|P10636-8|TAU_HUMAN,sp|P10636-8|TAU_HUMAN,394,438
sp|P10636-8|TAU_HUMAN,sp|P10636-8|TAU_HUMAN,396,343
sp|P10636-8|TAU_HUMAN,sp|P10636-8|TAU_HUMAN,396,347
sp|P10636-8|TAU_HUMAN,sp|P10636-8|TAU_HUMAN,396,349
sp|P10636-8|TAU_HUMAN,sp|P10636-8|TAU_HUMAN,396,353
sp|P10636-8|TAU_HUMAN,sp|P10636-8|TAU_HUMAN,396,362
sp|P10636-8|TAU_HUMAN,sp|P10636-8|TAU_HUMAN,396,369
sp|P10636-8|TAU_HUMAN,sp|P10636-8|TAU_HUMAN,396,370
sp|P10636-8|TAU_HUMAN,sp|P10636-8|TAU_HUMAN,396,374
sp|P10636-8|TAU_HUMAN,sp|P10636-8|TAU_HUMAN,396,375
sp|P10636-8|TAU_HUMAN,sp|P10636-8|TAU_HUMAN,396,379
sp|P10636-8|TAU_HUMAN,sp|P10636-8|TAU_HUMAN,396,383
sp|P10636-8|TAU_HUMAN,sp|P10636-8|TAU_HUMAN,396,385
sp|P10636-8|TAU_HUMAN,sp|P10636-8|TAU_HUMAN,396,388
sp|P10636-8|TAU_HUMAN,sp|P10636-8|TAU_HUMAN,396,395
sp|P10636-8|TAU_HUMAN,sp|P10636-8|TAU_HUMAN,396,406
sp|P10636-8|TAU_HUMAN,sp|P10636-8|TAU_HUMAN,396,407
sp|P10636-8|TAU_HUMAN,sp|P10636-8|TAU_HUMAN,396,438
sp|P10636-8|TAU_HUMAN,sp|P10636-8|TAU_HUMAN,400,347
sp|P10636-8|TAU_HUMAN,sp|P10636-8|TAU_HUMAN,400,349
sp|P10636-8|TAU_HUMAN,sp|P10636-8|TAU_HUMAN,400,353
sp|P10636-8|TAU_HUMAN,sp|P10636-8|TAU_HUMAN,400,362
sp|P10636-8|TAU_HUMAN,sp|P10636-8|TAU_HUMAN,400,369
sp|P10636-8|TAU_HUMAN,sp|P10636-8|TAU_HUMAN,400,370
sp|P10636-8|TAU_HUMAN,sp|P10636-8|TAU_HUMAN,400,374
sp|P10636-8|TAU_HUMAN,sp|P10636-8|TAU_HUMAN,400,375
sp|P10636-8|TAU_HUMAN,sp|P10636-8|TAU_HUMAN,400,379
sp|P10636-8|TAU_HUMAN,sp|P10636-8|TAU_HUMAN,400,383
sp|P10636-8|TAU_HUMAN,sp|P10636-8|TAU_HUMAN,400,385
sp|P10636-8|TAU_HUMAN,sp|P10636-8|TAU_HUMAN,400,388
sp|P10636-8|TAU_HUMAN,sp|P10636-8|TAU_HUMAN,400,395
sp|P10636-8|TAU_HUMAN,sp|P10636-8|TAU_HUMAN,400,406
sp|P10636-8|TAU_HUMAN,sp|P10636-8|TAU_HUMAN,400,407
sp|P10636-8|TAU_HUMAN,sp|P10636-8|TAU_HUMAN,400,438
sp|P10636-8|TAU_HUMAN,sp|P10636-8|TAU_HUMAN,17,5
sp|P10636-8|TAU_HUMAN,sp|P10636-8|TAU_HUMAN,17,14
sp|P10636-8|TAU_HUMAN,sp|P10636-8|TAU_HUMAN,17,23
sp|P10636-8|TAU_HUMAN,sp|P10636-8|TAU_HUMAN,17,24
sp|P10636-8|TAU_HUMAN,sp|P10636-8|TAU_HUMAN,17,32
sp|P10636-8|TAU_HUMAN,sp|P10636-8|TAU_HUMAN,17,44
sp|P10636-8|TAU_HUMAN,sp|P10636-8|TAU_HUMAN,17,67
sp|P10636-8|TAU_HUMAN,sp|P10636-8|TAU_HUMAN,18,5
sp|P10636-8|TAU_HUMAN,sp|P10636-8|TAU_HUMAN,18,14
sp|P10636-8|TAU_HUMAN,sp|P10636-8|TAU_HUMAN,18,23
sp|P10636-8|TAU_HUMAN,sp|P10636-8|TAU_HUMAN,18,24
sp|P10636-8|TAU_HUMAN,sp|P10636-8|TAU_HUMAN,18,32
sp|P10636-8|TAU_HUMAN,sp|P10636-8|TAU_HUMAN,18,44
sp|P10636-8|TAU_HUMAN,sp|P10636-8|TAU_HUMAN,18,67
sp|P10636-8|TAU_HUMAN,sp|P10636-8|TAU_HUMAN,403,349
sp|P10636-8|TAU_HUMAN,sp|P10636-8|TAU_HUMAN,403,353
sp|P10636-8|TAU_HUMAN,sp|P10636-8|TAU_HUMAN,403,362
sp|P10636-8|TAU_HUMAN,sp|P10636-8|TAU_HUMAN,403,369
sp|P10636-8|TAU_HUMAN,sp|P10636-8|TAU_HUMAN,403,370
sp|P10636-8|TAU_HUMAN,sp|P10636-8|TAU_HUMAN,403,374
sp|P10636-8|TAU_HUMAN,sp|P10636-8|TAU_HUMAN,403,375
sp|P10636-8|TAU_HUMAN,sp|P10636-8|TAU_HUMAN,403,379
sp|P10636-8|TAU_HUMAN,sp|P10636-8|TAU_HUMAN,403,383
sp|P10636-8|TAU_HUMAN,sp|P10636-8|TAU_HUMAN,403,385
sp|P10636-8|TAU_HUMAN,sp|P10636-8|TAU_HUMAN,403,388
sp|P10636-8|TAU_HUMAN,sp|P10636-8|TAU_HUMAN,403,395
sp|P10636-8|TAU_HUMAN,sp|P10636-8|TAU_HUMAN,403,406
sp|P10636-8|TAU_HUMAN,sp|P10636-8|TAU_HUMAN,403,407
sp|P10636-8|TAU_HUMAN,sp|P10636-8|TAU_HUMAN,403,438
sp|P10636-8|TAU_HUMAN,sp|P10636-8|TAU_HUMAN,404,353
sp|P10636-8|TAU_HUMAN,sp|P10636-8|TAU_HUMAN,404,362
sp|P10636-8|TAU_HUMAN,sp|P10636-8|TAU_HUMAN,404,369
sp|P10636-8|TAU_HUMAN,sp|P10636-8|TAU_HUMAN,404,370
sp|P10636-8|TAU_HUMAN,sp|P10636-8|TAU_HUMAN,404,374
sp|P10636-8|TAU_HUMAN,sp|P10636-8|TAU_HUMAN,404,375
sp|P10636-8|TAU_HUMAN,sp|P10636-8|TAU_HUMAN,404,379
sp|P10636-8|TAU_HUMAN,sp|P10636-8|TAU_HUMAN,404,383
sp|P10636-8|TAU_HUMAN,sp|P10636-8|TAU_HUMAN,404,385
sp|P10636-8|TAU_HUMAN,sp|P10636-8|TAU_HUMAN,404,388
sp|P10636-8|TAU_HUMAN,sp|P10636-8|TAU_HUMAN,404,395
sp|P10636-8|TAU_HUMAN,sp|P10636-8|TAU_HUMAN,404,406
sp|P10636-8|TAU_HUMAN,sp|P10636-8|TAU_HUMAN,404,407
sp|P10636-8|TAU_HUMAN,sp|P10636-8|TAU_HUMAN,404,438
sp|P10636-8|TAU_HUMAN,sp|P10636-8|TAU_HUMAN,149,121
sp|P10636-8|TAU_HUMAN,sp|P10636-8|TAU_HUMAN,149,126
sp|P10636-8|TAU_HUMAN,sp|P10636-8|TAU_HUMAN,149,130
sp|P10636-8|TAU_HUMAN,sp|P10636-8|TAU_HUMAN,149,132
sp|P10636-8|TAU_HUMAN,sp|P10636-8|TAU_HUMAN,149,140
sp|P10636-8|TAU_HUMAN,sp|P10636-8|TAU_HUMAN,149,141
sp|P10636-8|TAU_HUMAN,sp|P10636-8|TAU_HUMAN,149,143
sp|P10636-8|TAU_HUMAN,sp|P10636-8|TAU_HUMAN,149,148
sp|P10636-8|TAU_HUMAN,sp|P10636-8|TAU_HUMAN,149,150
sp|P10636-8|TAU_HUMAN,sp|P10636-8|TAU_HUMAN,149,155
sp|P10636-8|TAU_HUMAN,sp|P10636-8|TAU_HUMAN,149,163
sp|P10636-8|TAU_HUMAN,sp|P10636-8|TAU_HUMAN,149,170
sp|P10636-8|TAU_HUMAN,sp|P10636-8|TAU_HUMAN,149,174
sp|P10636-8|TAU_HUMAN,sp|P10636-8|TAU_HUMAN,149,180
sp|P10636-8|TAU_HUMAN,sp|P10636-8|TAU_HUMAN,149,190
sp|P10636-8|TAU_HUMAN,sp|P10636-8|TAU_HUMAN,149,194
sp|P10636-8|TAU_HUMAN,sp|P10636-8|TAU_HUMAN,153,121
sp|P10636-8|TAU_HUMAN,sp|P10636-8|TAU_HUMAN,153,126
sp|P10636-8|TAU_HUMAN,sp|P10636-8|TAU_HUMAN,153,130
sp|P10636-8|TAU_HUMAN,sp|P10636-8|TAU_HUMAN,153,132
sp|P10636-8|TAU_HUMAN,sp|P10636-8|TAU_HUMAN,153,140
sp|P10636-8|TAU_HUMAN,sp|P10636-8|TAU_HUMAN,153,141
sp|P10636-8|TAU_HUMAN,sp|P10636-8|TAU_HUMAN,153,143
sp|P10636-8|TAU_HUMAN,sp|P10636-8|TAU_HUMAN,153,148
sp|P10636-8|TAU_HUMAN,sp|P10636-8|TAU_HUMAN,153,150
sp|P10636-8|TAU_HUMAN,sp|P10636-8|TAU_HUMAN,153,155
sp|P10636-8|TAU_HUMAN,sp|P10636-8|TAU_HUMAN,153,163
sp|P10636-8|TAU_HUMAN,sp|P10636-8|TAU_HUMAN,153,170
sp|P10636-8|TAU_HUMAN,sp|P10636-8|TAU_HUMAN,153,174
sp|P10636-8|TAU_HUMAN,sp|P10636-8|TAU_HUMAN,153,180
sp|P10636-8|TAU_HUMAN,sp|P10636-8|TAU_HUMAN,153,190
sp|P10636-8|TAU_HUMAN,sp|P10636-8|TAU_HUMAN,153,194
sp|P10636-8|TAU_HUMAN,sp|P10636-8|TAU_HUMAN,409,362
sp|P10636-8|TAU_HUMAN,sp|P10636-8|TAU_HUMAN,409,369
sp|P10636-8|TAU_HUMAN,sp|P10636-8|TAU_HUMAN,409,370
sp|P10636-8|TAU_HUMAN,sp|P10636-8|TAU_HUMAN,409,374
sp|P10636-8|TAU_HUMAN,sp|P10636-8|TAU_HUMAN,409,375
sp|P10636-8|TAU_HUMAN,sp|P10636-8|TAU_HUMAN,409,379
sp|P10636-8|TAU_HUMAN,sp|P10636-8|TAU_HUMAN,409,383
sp|P10636-8|TAU_HUMAN,sp|P10636-8|TAU_HUMAN,409,385
sp|P10636-8|TAU_HUMAN,sp|P10636-8|TAU_HUMAN,409,388
sp|P10636-8|TAU_HUMAN,sp|P10636-8|TAU_HUMAN,409,395
sp|P10636-8|TAU_HUMAN,sp|P10636-8|TAU_HUMAN,409,406
sp|P10636-8|TAU_HUMAN,sp|P10636-8|TAU_HUMAN,409,407
sp|P10636-8|TAU_HUMAN,sp|P10636-8|TAU_HUMAN,409,438
sp|P10636-8|TAU_HUMAN,sp|P10636-8|TAU_HUMAN,412,362
sp|P10636-8|TAU_HUMAN,sp|P10636-8|TAU_HUMAN,412,369
sp|P10636-8|TAU_HUMAN,sp|P10636-8|TAU_HUMAN,412,370
sp|P10636-8|TAU_HUMAN,sp|P10636-8|TAU_HUMAN,412,374
sp|P10636-8|TAU_HUMAN,sp|P10636-8|TAU_HUMAN,412,375
sp|P10636-8|TAU_HUMAN,sp|P10636-8|TAU_HUMAN,412,379
sp|P10636-8|TAU_HUMAN,sp|P10636-8|TAU_HUMAN,412,383
sp|P10636-8|TAU_HUMAN,sp|P10636-8|TAU_HUMAN,412,385
sp|P10636-8|TAU_HUMAN,sp|P10636-8|TAU_HUMAN,412,388
sp|P10636-8|TAU_HUMAN,sp|P10636-8|TAU_HUMAN,412,395
sp|P10636-8|TAU_HUMAN,sp|P10636-8|TAU_HUMAN,412,406
sp|P10636-8|TAU_HUMAN,sp|P10636-8|TAU_HUMAN,412,407
sp|P10636-8|TAU_HUMAN,sp|P10636-8|TAU_HUMAN,412,438
sp|P10636-8|TAU_HUMAN,sp|P10636-8|TAU_HUMAN,29,5
sp|P10636-8|TAU_HUMAN,sp|P10636-8|TAU_HUMAN,29,14
sp|P10636-8|TAU_HUMAN,sp|P10636-8|TAU_HUMAN,29,23
sp|P10636-8|TAU_HUMAN,sp|P10636-8|TAU_HUMAN,29,24
sp|P10636-8|TAU_HUMAN,sp|P10636-8|TAU_HUMAN,29,32
sp|P10636-8|TAU_HUMAN,sp|P10636-8|TAU_HUMAN,29,44
sp|P10636-8|TAU_HUMAN,sp|P10636-8|TAU_HUMAN,29,67
sp|P10636-8|TAU_HUMAN,sp|P10636-8|TAU_HUMAN,285,234
sp|P10636-8|TAU_HUMAN,sp|P10636-8|TAU_HUMAN,285,240
sp|P10636-8|TAU_HUMAN,sp|P10636-8|TAU_HUMAN,285,242
sp|P10636-8|TAU_HUMAN,sp|P10636-8|TAU_HUMAN,285,254
sp|P10636-8|TAU_HUMAN,sp|P10636-8|TAU_HUMAN,285,257
sp|P10636-8|TAU_HUMAN,sp|P10636-8|TAU_HUMAN,285,259
sp|P10636-8|TAU_HUMAN,sp|P10636-8|TAU_HUMAN,285,267
sp|P10636-8|TAU_HUMAN,sp|P10636-8|TAU_HUMAN,285,268
sp|P10636-8|TAU_HUMAN,sp|P10636-8|TAU_HUMAN,285,274
sp|P10636-8|TAU_HUMAN,sp|P10636-8|TAU_HUMAN,285,280
sp|P10636-8|TAU_HUMAN,sp|P10636-8|TAU_HUMAN,285,281
sp|P10636-8|TAU_HUMAN,sp|P10636-8|TAU_HUMAN,285,290
sp|P10636-8|TAU_HUMAN,sp|P10636-8|TAU_HUMAN,285,294
sp|P10636-8|TAU_HUMAN,sp|P10636-8|TAU_HUMAN,285,298
sp|P10636-8|TAU_HUMAN,sp|P10636-8|TAU_HUMAN,285,299
sp|P10636-8|TAU_HUMAN,sp|P10636-8|TAU_HUMAN,285,311
sp|P10636-8|TAU_HUMAN,sp|P10636-8|TAU_HUMAN,285,317
sp|P10636-8|TAU_HUMAN,sp|P10636-8|TAU_HUMAN,285,321
sp|P10636-8|TAU_HUMAN,sp|P10636-8|TAU_HUMAN,285,329
sp|P10636-8|TAU_HUMAN,sp|P10636-8|TAU_HUMAN,285,330
sp|P10636-8|TAU_HUMAN,sp|P10636-8|TAU_HUMAN,285,331
sp|P10636-8|TAU_HUMAN,sp|P10636-8|TAU_HUMAN,413,362
sp|P10636-8|TAU_HUMAN,sp|P10636-8|TAU_HUMAN,413,369
sp|P10636-8|TAU_HUMAN,sp|P10636-8|TAU_HUMAN,413,370
sp|P10636-8|TAU_HUMAN,sp|P10636-8|TAU_HUMAN,413,374
sp|P10636-8|TAU_HUMAN,sp|P10636-8|TAU_HUMAN,413,375
sp|P10636-8|TAU_HUMAN,sp|P10636-8|TAU_HUMAN,413,379
sp|P10636-8|TAU_HUMAN,sp|P10636-8|TAU_HUMAN,413,383
sp|P10636-8|TAU_HUMAN,sp|P10636-8|TAU_HUMAN,413,385
sp|P10636-8|TAU_HUMAN,sp|P10636-8|TAU_HUMAN,413,388
sp|P10636-8|TAU_HUMAN,sp|P10636-8|TAU_HUMAN,413,395
sp|P10636-8|TAU_HUMAN,sp|P10636-8|TAU_HUMAN,413,406
sp|P10636-8|TAU_HUMAN,sp|P10636-8|TAU_HUMAN,413,407
sp|P10636-8|TAU_HUMAN,sp|P10636-8|TAU_HUMAN,413,438
sp|P10636-8|TAU_HUMAN,sp|P10636-8|TAU_HUMAN,30,5
sp|P10636-8|TAU_HUMAN,sp|P10636-8|TAU_HUMAN,30,14
sp|P10636-8|TAU_HUMAN,sp|P10636-8|TAU_HUMAN,30,23
sp|P10636-8|TAU_HUMAN,sp|P10636-8|TAU_HUMAN,30,24
sp|P10636-8|TAU_HUMAN,sp|P10636-8|TAU_HUMAN,30,32
sp|P10636-8|TAU_HUMAN,sp|P10636-8|TAU_HUMAN,30,44
sp|P10636-8|TAU_HUMAN,sp|P10636-8|TAU_HUMAN,30,67
sp|P10636-8|TAU_HUMAN,sp|P10636-8|TAU_HUMAN,414,362
sp|P10636-8|TAU_HUMAN,sp|P10636-8|TAU_HUMAN,414,369
sp|P10636-8|TAU_HUMAN,sp|P10636-8|TAU_HUMAN,414,370
sp|P10636-8|TAU_HUMAN,sp|P10636-8|TAU_HUMAN,414,374
sp|P10636-8|TAU_HUMAN,sp|P10636-8|TAU_HUMAN,414,375
sp|P10636-8|TAU_HUMAN,sp|P10636-8|TAU_HUMAN,414,379
sp|P10636-8|TAU_HUMAN,sp|P10636-8|TAU_HUMAN,414,383
sp|P10636-8|TAU_HUMAN,sp|P10636-8|TAU_HUMAN,414,385
sp|P10636-8|TAU_HUMAN,sp|P10636-8|TAU_HUMAN,414,388
sp|P10636-8|TAU_HUMAN,sp|P10636-8|TAU_HUMAN,414,395
sp|P10636-8|TAU_HUMAN,sp|P10636-8|TAU_HUMAN,414,406
sp|P10636-8|TAU_HUMAN,sp|P10636-8|TAU_HUMAN,414,407
sp|P10636-8|TAU_HUMAN,sp|P10636-8|TAU_HUMAN,414,438
sp|P10636-8|TAU_HUMAN,sp|P10636-8|TAU_HUMAN,416,362
sp|P10636-8|TAU_HUMAN,sp|P10636-8|TAU_HUMAN,416,369
sp|P10636-8|TAU_HUMAN,sp|P10636-8|TAU_HUMAN,416,370
sp|P10636-8|TAU_HUMAN,sp|P10636-8|TAU_HUMAN,416,374
sp|P10636-8|TAU_HUMAN,sp|P10636-8|TAU_HUMAN,416,375
sp|P10636-8|TAU_HUMAN,sp|P10636-8|TAU_HUMAN,416,379
sp|P10636-8|TAU_HUMAN,sp|P10636-8|TAU_HUMAN,416,383
sp|P10636-8|TAU_HUMAN,sp|P10636-8|TAU_HUMAN,416,385
sp|P10636-8|TAU_HUMAN,sp|P10636-8|TAU_HUMAN,416,388
sp|P10636-8|TAU_HUMAN,sp|P10636-8|TAU_HUMAN,416,395
sp|P10636-8|TAU_HUMAN,sp|P10636-8|TAU_HUMAN,416,406
sp|P10636-8|TAU_HUMAN,sp|P10636-8|TAU_HUMAN,416,407
sp|P10636-8|TAU_HUMAN,sp|P10636-8|TAU_HUMAN,416,438
sp|P10636-8|TAU_HUMAN,sp|P10636-8|TAU_HUMAN,289,240
sp|P10636-8|TAU_HUMAN,sp|P10636-8|TAU_HUMAN,289,242
sp|P10636-8|TAU_HUMAN,sp|P10636-8|TAU_HUMAN,289,254
sp|P10636-8|TAU_HUMAN,sp|P10636-8|TAU_HUMAN,289,257
sp|P10636-8|TAU_HUMAN,sp|P10636-8|TAU_HUMAN,289,259
sp|P10636-8|TAU_HUMAN,sp|P10636-8|TAU_HUMAN,289,267
sp|P10636-8|TAU_HUMAN,sp|P10636-8|TAU_HUMAN,289,268
sp|P10636-8|TAU_HUMAN,sp|P10636-8|TAU_HUMAN,289,274
sp|P10636-8|TAU_HUMAN,sp|P10636-8|TAU_HUMAN,289,280
sp|P10636-8|TAU_HUMAN,sp|P10636-8|TAU_HUMAN,289,281
sp|P10636-8|TAU_HUMAN,sp|P10636-8|TAU_HUMAN,289,290
sp|P10636-8|TAU_HUMAN,sp|P10636-8|TAU_HUMAN,289,294
sp|P10636-8|TAU_HUMAN,sp|P10636-8|TAU_HUMAN,289,298
sp|P10636-8|TAU_HUMAN,sp|P10636-8|TAU_HUMAN,289,299
sp|P10636-8|TAU_HUMAN,sp|P10636-8|TAU_HUMAN,289,311
sp|P10636-8|TAU_HUMAN,sp|P10636-8|TAU_HUMAN,289,317
sp|P10636-8|TAU_HUMAN,sp|P10636-8|TAU_HUMAN,289,321
sp|P10636-8|TAU_HUMAN,sp|P10636-8|TAU_HUMAN,289,329
sp|P10636-8|TAU_HUMAN,sp|P10636-8|TAU_HUMAN,289,330
sp|P10636-8|TAU_HUMAN,sp|P10636-8|TAU_HUMAN,289,331
sp|P10636-8|TAU_HUMAN,sp|P10636-8|TAU_HUMAN,289,340
sp|P10636-8|TAU_HUMAN,sp|P10636-8|TAU_HUMAN,289,343
sp|P10636-8|TAU_HUMAN,sp|P10636-8|TAU_HUMAN,293,240
sp|P10636-8|TAU_HUMAN,sp|P10636-8|TAU_HUMAN,293,242
sp|P10636-8|TAU_HUMAN,sp|P10636-8|TAU_HUMAN,293,254
sp|P10636-8|TAU_HUMAN,sp|P10636-8|TAU_HUMAN,293,257
sp|P10636-8|TAU_HUMAN,sp|P10636-8|TAU_HUMAN,293,259
sp|P10636-8|TAU_HUMAN,sp|P10636-8|TAU_HUMAN,293,267
sp|P10636-8|TAU_HUMAN,sp|P10636-8|TAU_HUMAN,293,268
sp|P10636-8|TAU_HUMAN,sp|P10636-8|TAU_HUMAN,293,274
sp|P10636-8|TAU_HUMAN,sp|P10636-8|TAU_HUMAN,293,280
sp|P10636-8|TAU_HUMAN,sp|P10636-8|TAU_HUMAN,293,281
sp|P10636-8|TAU_HUMAN,sp|P10636-8|TAU_HUMAN,293,290
sp|P10636-8|TAU_HUMAN,sp|P10636-8|TAU_HUMAN,293,294
sp|P10636-8|TAU_HUMAN,sp|P10636-8|TAU_HUMAN,293,298
sp|P10636-8|TAU_HUMAN,sp|P10636-8|TAU_HUMAN,293,299
sp|P10636-8|TAU_HUMAN,sp|P10636-8|TAU_HUMAN,293,311
sp|P10636-8|TAU_HUMAN,sp|P10636-8|TAU_HUMAN,293,317
sp|P10636-8|TAU_HUMAN,sp|P10636-8|TAU_HUMAN,293,321
sp|P10636-8|TAU_HUMAN,sp|P10636-8|TAU_HUMAN,293,329
sp|P10636-8|TAU_HUMAN,sp|P10636-8|TAU_HUMAN,293,330
sp|P10636-8|TAU_HUMAN,sp|P10636-8|TAU_HUMAN,293,331
sp|P10636-8|TAU_HUMAN,sp|P10636-8|TAU_HUMAN,293,340
sp|P10636-8|TAU_HUMAN,sp|P10636-8|TAU_HUMAN,293,343
sp|P10636-8|TAU_HUMAN,sp|P10636-8|TAU_HUMAN,293,347
sp|P10636-8|TAU_HUMAN,sp|P10636-8|TAU_HUMAN,422,369
sp|P10636-8|TAU_HUMAN,sp|P10636-8|TAU_HUMAN,422,370
sp|P10636-8|TAU_HUMAN,sp|P10636-8|TAU_HUMAN,422,374
sp|P10636-8|TAU_HUMAN,sp|P10636-8|TAU_HUMAN,422,375
sp|P10636-8|TAU_HUMAN,sp|P10636-8|TAU_HUMAN,422,379
sp|P10636-8|TAU_HUMAN,sp|P10636-8|TAU_HUMAN,422,383
sp|P10636-8|TAU_HUMAN,sp|P10636-8|TAU_HUMAN,422,385
sp|P10636-8|TAU_HUMAN,sp|P10636-8|TAU_HUMAN,422,388
sp|P10636-8|TAU_HUMAN,sp|P10636-8|TAU_HUMAN,422,395
sp|P10636-8|TAU_HUMAN,sp|P10636-8|TAU_HUMAN,422,406
sp|P10636-8|TAU_HUMAN,sp|P10636-8|TAU_HUMAN,422,407
sp|P10636-8|TAU_HUMAN,sp|P10636-8|TAU_HUMAN,422,438
sp|P10636-8|TAU_HUMAN,sp|P10636-8|TAU_HUMAN,39,5
sp|P10636-8|TAU_HUMAN,sp|P10636-8|TAU_HUMAN,39,14
sp|P10636-8|TAU_HUMAN,sp|P10636-8|TAU_HUMAN,39,23
sp|P10636-8|TAU_HUMAN,sp|P10636-8|TAU_HUMAN,39,24
sp|P10636-8|TAU_HUMAN,sp|P10636-8|TAU_HUMAN,39,32
sp|P10636-8|TAU_HUMAN,sp|P10636-8|TAU_HUMAN,39,44
sp|P10636-8|TAU_HUMAN,sp|P10636-8|TAU_HUMAN,39,67
sp|P10636-8|TAU_HUMAN,sp|P10636-8|TAU_HUMAN,39,87
sp|P10636-8|TAU_HUMAN,sp|P10636-8|TAU_HUMAN,169,121
sp|P10636-8|TAU_HUMAN,sp|P10636-8|TAU_HUMAN,169,126
sp|P10636-8|TAU_HUMAN,sp|P10636-8|TAU_HUMAN,169,130
sp|P10636-8|TAU_HUMAN,sp|P10636-8|TAU_HUMAN,169,132
sp|P10636-8|TAU_HUMAN,sp|P10636-8|TAU_HUMAN,169,140
sp|P10636-8|TAU_HUMAN,sp|P10636-8|TAU_HUMAN,169,141
sp|P10636-8|TAU_HUMAN,sp|P10636-8|TAU_HUMAN,169,143
sp|P10636-8|TAU_HUMAN,sp|P10636-8|TAU_HUMAN,169,148
sp|P10636-8|TAU_HUMAN,sp|P10636-8|TAU_HUMAN,169,150
sp|P10636-8|TAU_HUMAN,sp|P10636-8|TAU_HUMAN,169,155
sp|P10636-8|TAU_HUMAN,sp|P10636-8|TAU_HUMAN,169,163
sp|P10636-8|TAU_HUMAN,sp|P10636-8|TAU_HUMAN,169,170
sp|P10636-8|TAU_HUMAN,sp|P10636-8|TAU_HUMAN,169,174
sp|P10636-8|TAU_HUMAN,sp|P10636-8|TAU_HUMAN,169,180
sp|P10636-8|TAU_HUMAN,sp|P10636-8|TAU_HUMAN,169,190
sp|P10636-8|TAU_HUMAN,sp|P10636-8|TAU_HUMAN,169,194
sp|P10636-8|TAU_HUMAN,sp|P10636-8|TAU_HUMAN,169,209
sp|P10636-8|TAU_HUMAN,sp|P10636-8|TAU_HUMAN,169,211
sp|P10636-8|TAU_HUMAN,sp|P10636-8|TAU_HUMAN,169,221
sp|P10636-8|TAU_HUMAN,sp|P10636-8|TAU_HUMAN,427,374
sp|P10636-8|TAU_HUMAN,sp|P10636-8|TAU_HUMAN,427,375
sp|P10636-8|TAU_HUMAN,sp|P10636-8|TAU_HUMAN,427,379
sp|P10636-8|TAU_HUMAN,sp|P10636-8|TAU_HUMAN,427,383
sp|P10636-8|TAU_HUMAN,sp|P10636-8|TAU_HUMAN,427,385
sp|P10636-8|TAU_HUMAN,sp|P10636-8|TAU_HUMAN,427,388
sp|P10636-8|TAU_HUMAN,sp|P10636-8|TAU_HUMAN,427,395
sp|P10636-8|TAU_HUMAN,sp|P10636-8|TAU_HUMAN,427,406
sp|P10636-8|TAU_HUMAN,sp|P10636-8|TAU_HUMAN,427,407
sp|P10636-8|TAU_HUMAN,sp|P10636-8|TAU_HUMAN,427,438
sp|P10636-8|TAU_HUMAN,sp|P10636-8|TAU_HUMAN,46,5
sp|P10636-8|TAU_HUMAN,sp|P10636-8|TAU_HUMAN,46,14
sp|P10636-8|TAU_HUMAN,sp|P10636-8|TAU_HUMAN,46,23
sp|P10636-8|TAU_HUMAN,sp|P10636-8|TAU_HUMAN,46,24
sp|P10636-8|TAU_HUMAN,sp|P10636-8|TAU_HUMAN,46,32
sp|P10636-8|TAU_HUMAN,sp|P10636-8|TAU_HUMAN,46,44
sp|P10636-8|TAU_HUMAN,sp|P10636-8|TAU_HUMAN,46,67
sp|P10636-8|TAU_HUMAN,sp|P10636-8|TAU_HUMAN,46,87
sp|P10636-8|TAU_HUMAN,sp|P10636-8|TAU_HUMAN,46,94
sp|P10636-8|TAU_HUMAN,sp|P10636-8|TAU_HUMAN,175,121
sp|P10636-8|TAU_HUMAN,sp|P10636-8|TAU_HUMAN,175,126
sp|P10636-8|TAU_HUMAN,sp|P10636-8|TAU_HUMAN,175,130
sp|P10636-8|TAU_HUMAN,sp|P10636-8|TAU_HUMAN,175,132
sp|P10636-8|TAU_HUMAN,sp|P10636-8|TAU_HUMAN,175,140
sp|P10636-8|TAU_HUMAN,sp|P10636-8|TAU_HUMAN,175,141
sp|P10636-8|TAU_HUMAN,sp|P10636-8|TAU_HUMAN,175,143
sp|P10636-8|TAU_HUMAN,sp|P10636-8|TAU_HUMAN,175,148
sp|P10636-8|TAU_HUMAN,sp|P10636-8|TAU_HUMAN,175,150
sp|P10636-8|TAU_HUMAN,sp|P10636-8|TAU_HUMAN,175,155
sp|P10636-8|TAU_HUMAN,sp|P10636-8|TAU_HUMAN,175,163
sp|P10636-8|TAU_HUMAN,sp|P10636-8|TAU_HUMAN,175,170
sp|P10636-8|TAU_HUMAN,sp|P10636-8|TAU_HUMAN,175,174
sp|P10636-8|TAU_HUMAN,sp|P10636-8|TAU_HUMAN,175,180
sp|P10636-8|TAU_HUMAN,sp|P10636-8|TAU_HUMAN,175,190
sp|P10636-8|TAU_HUMAN,sp|P10636-8|TAU_HUMAN,175,194
sp|P10636-8|TAU_HUMAN,sp|P10636-8|TAU_HUMAN,175,209
sp|P10636-8|TAU_HUMAN,sp|P10636-8|TAU_HUMAN,175,211
sp|P10636-8|TAU_HUMAN,sp|P10636-8|TAU_HUMAN,175,221
sp|P10636-8|TAU_HUMAN,sp|P10636-8|TAU_HUMAN,175,224
sp|P10636-8|TAU_HUMAN,sp|P10636-8|TAU_HUMAN,175,225
sp|P10636-8|TAU_HUMAN,sp|P10636-8|TAU_HUMAN,305,254
sp|P10636-8|TAU_HUMAN,sp|P10636-8|TAU_HUMAN,305,257
sp|P10636-8|TAU_HUMAN,sp|P10636-8|TAU_HUMAN,305,259
sp|P10636-8|TAU_HUMAN,sp|P10636-8|TAU_HUMAN,305,267
sp|P10636-8|TAU_HUMAN,sp|P10636-8|TAU_HUMAN,305,268
sp|P10636-8|TAU_HUMAN,sp|P10636-8|TAU_HUMAN,305,274
sp|P10636-8|TAU_HUMAN,sp|P10636-8|TAU_HUMAN,305,280
sp|P10636-8|TAU_HUMAN,sp|P10636-8|TAU_HUMAN,305,281
sp|P10636-8|TAU_HUMAN,sp|P10636-8|TAU_HUMAN,305,290
sp|P10636-8|TAU_HUMAN,sp|P10636-8|TAU_HUMAN,305,294
sp|P10636-8|TAU_HUMAN,sp|P10636-8|TAU_HUMAN,305,298
sp|P10636-8|TAU_HUMAN,sp|P10636-8|TAU_HUMAN,305,299
sp|P10636-8|TAU_HUMAN,sp|P10636-8|TAU_HUMAN,305,311
sp|P10636-8|TAU_HUMAN,sp|P10636-8|TAU_HUMAN,305,317
sp|P10636-8|TAU_HUMAN,sp|P10636-8|TAU_HUMAN,305,321
sp|P10636-8|TAU_HUMAN,sp|P10636-8|TAU_HUMAN,305,329
sp|P10636-8|TAU_HUMAN,sp|P10636-8|TAU_HUMAN,305,330
sp|P10636-8|TAU_HUMAN,sp|P10636-8|TAU_HUMAN,305,331
sp|P10636-8|TAU_HUMAN,sp|P10636-8|TAU_HUMAN,305,340
sp|P10636-8|TAU_HUMAN,sp|P10636-8|TAU_HUMAN,305,343
sp|P10636-8|TAU_HUMAN,sp|P10636-8|TAU_HUMAN,305,347
sp|P10636-8|TAU_HUMAN,sp|P10636-8|TAU_HUMAN,305,349
sp|P10636-8|TAU_HUMAN,sp|P10636-8|TAU_HUMAN,305,353
sp|P10636-8|TAU_HUMAN,sp|P10636-8|TAU_HUMAN,433,379
sp|P10636-8|TAU_HUMAN,sp|P10636-8|TAU_HUMAN,433,383
sp|P10636-8|TAU_HUMAN,sp|P10636-8|TAU_HUMAN,433,385
sp|P10636-8|TAU_HUMAN,sp|P10636-8|TAU_HUMAN,433,388
sp|P10636-8|TAU_HUMAN,sp|P10636-8|TAU_HUMAN,433,395
sp|P10636-8|TAU_HUMAN,sp|P10636-8|TAU_HUMAN,433,406
sp|P10636-8|TAU_HUMAN,sp|P10636-8|TAU_HUMAN,433,407
sp|P10636-8|TAU_HUMAN,sp|P10636-8|TAU_HUMAN,433,438
sp|P10636-8|TAU_HUMAN,sp|P10636-8|TAU_HUMAN,50,5
sp|P10636-8|TAU_HUMAN,sp|P10636-8|TAU_HUMAN,50,14
sp|P10636-8|TAU_HUMAN,sp|P10636-8|TAU_HUMAN,50,23
sp|P10636-8|TAU_HUMAN,sp|P10636-8|TAU_HUMAN,50,24
sp|P10636-8|TAU_HUMAN,sp|P10636-8|TAU_HUMAN,50,32
sp|P10636-8|TAU_HUMAN,sp|P10636-8|TAU_HUMAN,50,44
sp|P10636-8|TAU_HUMAN,sp|P10636-8|TAU_HUMAN,50,67
sp|P10636-8|TAU_HUMAN,sp|P10636-8|TAU_HUMAN,50,87
sp|P10636-8|TAU_HUMAN,sp|P10636-8|TAU_HUMAN,50,94
sp|P10636-8|TAU_HUMAN,sp|P10636-8|TAU_HUMAN,435,383
sp|P10636-8|TAU_HUMAN,sp|P10636-8|TAU_HUMAN,435,385
sp|P10636-8|TAU_HUMAN,sp|P10636-8|TAU_HUMAN,435,388
sp|P10636-8|TAU_HUMAN,sp|P10636-8|TAU_HUMAN,435,395
sp|P10636-8|TAU_HUMAN,sp|P10636-8|TAU_HUMAN,435,406
sp|P10636-8|TAU_HUMAN,sp|P10636-8|TAU_HUMAN,435,407
sp|P10636-8|TAU_HUMAN,sp|P10636-8|TAU_HUMAN,435,438
sp|P10636-8|TAU_HUMAN,sp|P10636-8|TAU_HUMAN,52,5
sp|P10636-8|TAU_HUMAN,sp|P10636-8|TAU_HUMAN,52,14
sp|P10636-8|TAU_HUMAN,sp|P10636-8|TAU_HUMAN,52,23
sp|P10636-8|TAU_HUMAN,sp|P10636-8|TAU_HUMAN,52,24
sp|P10636-8|TAU_HUMAN,sp|P10636-8|TAU_HUMAN,52,32
sp|P10636-8|TAU_HUMAN,sp|P10636-8|TAU_HUMAN,52,44
sp|P10636-8|TAU_HUMAN,sp|P10636-8|TAU_HUMAN,52,67
sp|P10636-8|TAU_HUMAN,sp|P10636-8|TAU_HUMAN,52,87
sp|P10636-8|TAU_HUMAN,sp|P10636-8|TAU_HUMAN,52,94
sp|P10636-8|TAU_HUMAN,sp|P10636-8|TAU_HUMAN,181,130
sp|P10636-8|TAU_HUMAN,sp|P10636-8|TAU_HUMAN,181,132
sp|P10636-8|TAU_HUMAN,sp|P10636-8|TAU_HUMAN,181,140
sp|P10636-8|TAU_HUMAN,sp|P10636-8|TAU_HUMAN,181,141
sp|P10636-8|TAU_HUMAN,sp|P10636-8|TAU_HUMAN,181,143
sp|P10636-8|TAU_HUMAN,sp|P10636-8|TAU_HUMAN,181,148
sp|P10636-8|TAU_HUMAN,sp|P10636-8|TAU_HUMAN,181,150
sp|P10636-8|TAU_HUMAN,sp|P10636-8|TAU_HUMAN,181,155
sp|P10636-8|TAU_HUMAN,sp|P10636-8|TAU_HUMAN,181,163
sp|P10636-8|TAU_HUMAN,sp|P10636-8|TAU_HUMAN,181,170
sp|P10636-8|TAU_HUMAN,sp|P10636-8|TAU_HUMAN,181,174
sp|P10636-8|TAU_HUMAN,sp|P10636-8|TAU_HUMAN,181,180
sp|P10636-8|TAU_HUMAN,sp|P10636-8|TAU_HUMAN,181,190
sp|P10636-8|TAU_HUMAN,sp|P10636-8|TAU_HUMAN,181,194
sp|P10636-8|TAU_HUMAN,sp|P10636-8|TAU_HUMAN,181,209
sp|P10636-8|TAU_HUMAN,sp|P10636-8|TAU_HUMAN,181,211
sp|P10636-8|TAU_HUMAN,sp|P10636-8|TAU_HUMAN,181,221
sp|P10636-8|TAU_HUMAN,sp|P10636-8|TAU_HUMAN,181,224
sp|P10636-8|TAU_HUMAN,sp|P10636-8|TAU_HUMAN,181,225
sp|P10636-8|TAU_HUMAN,sp|P10636-8|TAU_HUMAN,181,230
sp|P10636-8|TAU_HUMAN,sp|P10636-8|TAU_HUMAN,181,234
sp|P10636-8|TAU_HUMAN,sp|P10636-8|TAU_HUMAN,310,257
sp|P10636-8|TAU_HUMAN,sp|P10636-8|TAU_HUMAN,310,259
sp|P10636-8|TAU_HUMAN,sp|P10636-8|TAU_HUMAN,310,267
sp|P10636-8|TAU_HUMAN,sp|P10636-8|TAU_HUMAN,310,268
sp|P10636-8|TAU_HUMAN,sp|P10636-8|TAU_HUMAN,310,274
sp|P10636-8|TAU_HUMAN,sp|P10636-8|TAU_HUMAN,310,280
sp|P10636-8|TAU_HUMAN,sp|P10636-8|TAU_HUMAN,310,281
sp|P10636-8|TAU_HUMAN,sp|P10636-8|TAU_HUMAN,310,290
sp|P10636-8|TAU_HUMAN,sp|P10636-8|TAU_HUMAN,310,294
sp|P10636-8|TAU_HUMAN,sp|P10636-8|TAU_HUMAN,310,298
sp|P10636-8|TAU_HUMAN,sp|P10636-8|TAU_HUMAN,310,299
sp|P10636-8|TAU_HUMAN,sp|P10636-8|TAU_HUMAN,310,311
sp|P10636-8|TAU_HUMAN,sp|P10636-8|TAU_HUMAN,310,317
sp|P10636-8|TAU_HUMAN,sp|P10636-8|TAU_HUMAN,310,321
sp|P10636-8|TAU_HUMAN,sp|P10636-8|TAU_HUMAN,310,329
sp|P10636-8|TAU_HUMAN,sp|P10636-8|TAU_HUMAN,310,330
sp|P10636-8|TAU_HUMAN,sp|P10636-8|TAU_HUMAN,310,331
sp|P10636-8|TAU_HUMAN,sp|P10636-8|TAU_HUMAN,310,340
sp|P10636-8|TAU_HUMAN,sp|P10636-8|TAU_HUMAN,310,343
sp|P10636-8|TAU_HUMAN,sp|P10636-8|TAU_HUMAN,310,347
sp|P10636-8|TAU_HUMAN,sp|P10636-8|TAU_HUMAN,310,349
sp|P10636-8|TAU_HUMAN,sp|P10636-8|TAU_HUMAN,310,353
sp|P10636-8|TAU_HUMAN,sp|P10636-8|TAU_HUMAN,310,362
sp|P10636-8|TAU_HUMAN,sp|P10636-8|TAU_HUMAN,56,5
sp|P10636-8|TAU_HUMAN,sp|P10636-8|TAU_HUMAN,56,14
sp|P10636-8|TAU_HUMAN,sp|P10636-8|TAU_HUMAN,56,23
sp|P10636-8|TAU_HUMAN,sp|P10636-8|TAU_HUMAN,56,24
sp|P10636-8|TAU_HUMAN,sp|P10636-8|TAU_HUMAN,56,32
sp|P10636-8|TAU_HUMAN,sp|P10636-8|TAU_HUMAN,56,44
sp|P10636-8|TAU_HUMAN,sp|P10636-8|TAU_HUMAN,56,67
sp|P10636-8|TAU_HUMAN,sp|P10636-8|TAU_HUMAN,56,87
sp|P10636-8|TAU_HUMAN,sp|P10636-8|TAU_HUMAN,56,94
sp|P10636-8|TAU_HUMAN,sp|P10636-8|TAU_HUMAN,184,130
sp|P10636-8|TAU_HUMAN,sp|P10636-8|TAU_HUMAN,184,132
sp|P10636-8|TAU_HUMAN,sp|P10636-8|TAU_HUMAN,184,140
sp|P10636-8|TAU_HUMAN,sp|P10636-8|TAU_HUMAN,184,141
sp|P10636-8|TAU_HUMAN,sp|P10636-8|TAU_HUMAN,184,143
sp|P10636-8|TAU_HUMAN,sp|P10636-8|TAU_HUMAN,184,148
sp|P10636-8|TAU_HUMAN,sp|P10636-8|TAU_HUMAN,184,150
sp|P10636-8|TAU_HUMAN,sp|P10636-8|TAU_HUMAN,184,155
sp|P10636-8|TAU_HUMAN,sp|P10636-8|TAU_HUMAN,184,163
sp|P10636-8|TAU_HUMAN,sp|P10636-8|TAU_HUMAN,184,170
sp|P10636-8|TAU_HUMAN,sp|P10636-8|TAU_HUMAN,184,174
sp|P10636-8|TAU_HUMAN,sp|P10636-8|TAU_HUMAN,184,180
sp|P10636-8|TAU_HUMAN,sp|P10636-8|TAU_HUMAN,184,190
sp|P10636-8|TAU_HUMAN,sp|P10636-8|TAU_HUMAN,184,194
sp|P10636-8|TAU_HUMAN,sp|P10636-8|TAU_HUMAN,184,209
sp|P10636-8|TAU_HUMAN,sp|P10636-8|TAU_HUMAN,184,211
sp|P10636-8|TAU_HUMAN,sp|P10636-8|TAU_HUMAN,184,221
sp|P10636-8|TAU_HUMAN,sp|P10636-8|TAU_HUMAN,184,224
sp|P10636-8|TAU_HUMAN,sp|P10636-8|TAU_HUMAN,184,225
sp|P10636-8|TAU_HUMAN,sp|P10636-8|TAU_HUMAN,184,230
sp|P10636-8|TAU_HUMAN,sp|P10636-8|TAU_HUMAN,184,234
sp|P10636-8|TAU_HUMAN,sp|P10636-8|TAU_HUMAN,185,132
sp|P10636-8|TAU_HUMAN,sp|P10636-8|TAU_HUMAN,185,140
sp|P10636-8|TAU_HUMAN,sp|P10636-8|TAU_HUMAN,185,141
sp|P10636-8|TAU_HUMAN,sp|P10636-8|TAU_HUMAN,185,143
sp|P10636-8|TAU_HUMAN,sp|P10636-8|TAU_HUMAN,185,148
sp|P10636-8|TAU_HUMAN,sp|P10636-8|TAU_HUMAN,185,150
sp|P10636-8|TAU_HUMAN,sp|P10636-8|TAU_HUMAN,185,155
sp|P10636-8|TAU_HUMAN,sp|P10636-8|TAU_HUMAN,185,163
sp|P10636-8|TAU_HUMAN,sp|P10636-8|TAU_HUMAN,185,170
sp|P10636-8|TAU_HUMAN,sp|P10636-8|TAU_HUMAN,185,174
sp|P10636-8|TAU_HUMAN,sp|P10636-8|TAU_HUMAN,185,180
sp|P10636-8|TAU_HUMAN,sp|P10636-8|TAU_HUMAN,185,190
sp|P10636-8|TAU_HUMAN,sp|P10636-8|TAU_HUMAN,185,194
sp|P10636-8|TAU_HUMAN,sp|P10636-8|TAU_HUMAN,185,209
sp|P10636-8|TAU_HUMAN,sp|P10636-8|TAU_HUMAN,185,211
sp|P10636-8|TAU_HUMAN,sp|P10636-8|TAU_HUMAN,185,221
sp|P10636-8|TAU_HUMAN,sp|P10636-8|TAU_HUMAN,185,224
sp|P10636-8|TAU_HUMAN,sp|P10636-8|TAU_HUMAN,185,225
sp|P10636-8|TAU_HUMAN,sp|P10636-8|TAU_HUMAN,185,230
sp|P10636-8|TAU_HUMAN,sp|P10636-8|TAU_HUMAN,185,234
sp|P10636-8|TAU_HUMAN,sp|P10636-8|TAU_HUMAN,316,267
sp|P10636-8|TAU_HUMAN,sp|P10636-8|TAU_HUMAN,316,268
sp|P10636-8|TAU_HUMAN,sp|P10636-8|TAU_HUMAN,316,274
sp|P10636-8|TAU_HUMAN,sp|P10636-8|TAU_HUMAN,316,280
sp|P10636-8|TAU_HUMAN,sp|P10636-8|TAU_HUMAN,316,281
sp|P10636-8|TAU_HUMAN,sp|P10636-8|TAU_HUMAN,316,290
sp|P10636-8|TAU_HUMAN,sp|P10636-8|TAU_HUMAN,316,294
sp|P10636-8|TAU_HUMAN,sp|P10636-8|TAU_HUMAN,316,298
sp|P10636-8|TAU_HUMAN,sp|P10636-8|TAU_HUMAN,316,299
sp|P10636-8|TAU_HUMAN,sp|P10636-8|TAU_HUMAN,316,311
sp|P10636-8|TAU_HUMAN,sp|P10636-8|TAU_HUMAN,316,317
sp|P10636-8|TAU_HUMAN,sp|P10636-8|TAU_HUMAN,316,321
sp|P10636-8|TAU_HUMAN,sp|P10636-8|TAU_HUMAN,316,329
sp|P10636-8|TAU_HUMAN,sp|P10636-8|TAU_HUMAN,316,330
sp|P10636-8|TAU_HUMAN,sp|P10636-8|TAU_HUMAN,316,331
sp|P10636-8|TAU_HUMAN,sp|P10636-8|TAU_HUMAN,316,340
sp|P10636-8|TAU_HUMAN,sp|P10636-8|TAU_HUMAN,316,343
sp|P10636-8|TAU_HUMAN,sp|P10636-8|TAU_HUMAN,316,347
sp|P10636-8|TAU_HUMAN,sp|P10636-8|TAU_HUMAN,316,349
sp|P10636-8|TAU_HUMAN,sp|P10636-8|TAU_HUMAN,316,353
sp|P10636-8|TAU_HUMAN,sp|P10636-8|TAU_HUMAN,316,362
sp|P10636-8|TAU_HUMAN,sp|P10636-8|TAU_HUMAN,316,369
sp|P10636-8|TAU_HUMAN,sp|P10636-8|TAU_HUMAN,316,370
sp|P10636-8|TAU_HUMAN,sp|P10636-8|TAU_HUMAN,61,14
sp|P10636-8|TAU_HUMAN,sp|P10636-8|TAU_HUMAN,61,23
sp|P10636-8|TAU_HUMAN,sp|P10636-8|TAU_HUMAN,61,24
sp|P10636-8|TAU_HUMAN,sp|P10636-8|TAU_HUMAN,61,32
sp|P10636-8|TAU_HUMAN,sp|P10636-8|TAU_HUMAN,61,44
sp|P10636-8|TAU_HUMAN,sp|P10636-8|TAU_HUMAN,61,67
sp|P10636-8|TAU_HUMAN,sp|P10636-8|TAU_HUMAN,61,87
sp|P10636-8|TAU_HUMAN,sp|P10636-8|TAU_HUMAN,61,94
sp|P10636-8|TAU_HUMAN,sp|P10636-8|TAU_HUMAN,63,14
sp|P10636-8|TAU_HUMAN,sp|P10636-8|TAU_HUMAN,63,23
sp|P10636-8|TAU_HUMAN,sp|P10636-8|TAU_HUMAN,63,24
sp|P10636-8|TAU_HUMAN,sp|P10636-8|TAU_HUMAN,63,32
sp|P10636-8|TAU_HUMAN,sp|P10636-8|TAU_HUMAN,63,44
sp|P10636-8|TAU_HUMAN,sp|P10636-8|TAU_HUMAN,63,67
sp|P10636-8|TAU_HUMAN,sp|P10636-8|TAU_HUMAN,63,87
sp|P10636-8|TAU_HUMAN,sp|P10636-8|TAU_HUMAN,63,94
sp|P10636-8|TAU_HUMAN,sp|P10636-8|TAU_HUMAN,191,140
sp|P10636-8|TAU_HUMAN,sp|P10636-8|TAU_HUMAN,191,141
sp|P10636-8|TAU_HUMAN,sp|P10636-8|TAU_HUMAN,191,143
sp|P10636-8|TAU_HUMAN,sp|P10636-8|TAU_HUMAN,191,148
sp|P10636-8|TAU_HUMAN,sp|P10636-8|TAU_HUMAN,191,150
sp|P10636-8|TAU_HUMAN,sp|P10636-8|TAU_HUMAN,191,155
sp|P10636-8|TAU_HUMAN,sp|P10636-8|TAU_HUMAN,191,163
sp|P10636-8|TAU_HUMAN,sp|P10636-8|TAU_HUMAN,191,170
sp|P10636-8|TAU_HUMAN,sp|P10636-8|TAU_HUMAN,191,174
sp|P10636-8|TAU_HUMAN,sp|P10636-8|TAU_HUMAN,191,180
sp|P10636-8|TAU_HUMAN,sp|P10636-8|TAU_HUMAN,191,190
sp|P10636-8|TAU_HUMAN,sp|P10636-8|TAU_HUMAN,191,194
sp|P10636-8|TAU_HUMAN,sp|P10636-8|TAU_HUMAN,191,209
sp|P10636-8|TAU_HUMAN,sp|P10636-8|TAU_HUMAN,191,211
sp|P10636-8|TAU_HUMAN,sp|P10636-8|TAU_HUMAN,191,221
sp|P10636-8|TAU_HUMAN,sp|P10636-8|TAU_HUMAN,191,224
sp|P10636-8|TAU_HUMAN,sp|P10636-8|TAU_HUMAN,191,225
sp|P10636-8|TAU_HUMAN,sp|P10636-8|TAU_HUMAN,191,230
sp|P10636-8|TAU_HUMAN,sp|P10636-8|TAU_HUMAN,191,234
sp|P10636-8|TAU_HUMAN,sp|P10636-8|TAU_HUMAN,191,240
sp|P10636-8|TAU_HUMAN,sp|P10636-8|TAU_HUMAN,191,242
sp|P10636-8|TAU_HUMAN,sp|P10636-8|TAU_HUMAN,319,267
sp|P10636-8|TAU_HUMAN,sp|P10636-8|TAU_HUMAN,319,268
sp|P10636-8|TAU_HUMAN,sp|P10636-8|TAU_HUMAN,319,274
sp|P10636-8|TAU_HUMAN,sp|P10636-8|TAU_HUMAN,319,280
sp|P10636-8|TAU_HUMAN,sp|P10636-8|TAU_HUMAN,319,281
sp|P10636-8|TAU_HUMAN,sp|P10636-8|TAU_HUMAN,319,290
sp|P10636-8|TAU_HUMAN,sp|P10636-8|TAU_HUMAN,319,294
sp|P10636-8|TAU_HUMAN,sp|P10636-8|TAU_HUMAN,319,298
sp|P10636-8|TAU_HUMAN,sp|P10636-8|TAU_HUMAN,319,299
sp|P10636-8|TAU_HUMAN,sp|P10636-8|TAU_HUMAN,319,311
sp|P10636-8|TAU_HUMAN,sp|P10636-8|TAU_HUMAN,319,317
sp|P10636-8|TAU_HUMAN,sp|P10636-8|TAU_HUMAN,319,321
sp|P10636-8|TAU_HUMAN,sp|P10636-8|TAU_HUMAN,319,329
sp|P10636-8|TAU_HUMAN,sp|P10636-8|TAU_HUMAN,319,330
sp|P10636-8|TAU_HUMAN,sp|P10636-8|TAU_HUMAN,319,331
sp|P10636-8|TAU_HUMAN,sp|P10636-8|TAU_HUMAN,319,340
sp|P10636-8|TAU_HUMAN,sp|P10636-8|TAU_HUMAN,319,343
sp|P10636-8|TAU_HUMAN,sp|P10636-8|TAU_HUMAN,319,347
sp|P10636-8|TAU_HUMAN,sp|P10636-8|TAU_HUMAN,319,349
sp|P10636-8|TAU_HUMAN,sp|P10636-8|TAU_HUMAN,319,353
sp|P10636-8|TAU_HUMAN,sp|P10636-8|TAU_HUMAN,319,362
sp|P10636-8|TAU_HUMAN,sp|P10636-8|TAU_HUMAN,319,369
sp|P10636-8|TAU_HUMAN,sp|P10636-8|TAU_HUMAN,319,370
sp|P10636-8|TAU_HUMAN,sp|P10636-8|TAU_HUMAN,64,14
sp|P10636-8|TAU_HUMAN,sp|P10636-8|TAU_HUMAN,64,23
sp|P10636-8|TAU_HUMAN,sp|P10636-8|TAU_HUMAN,64,24
sp|P10636-8|TAU_HUMAN,sp|P10636-8|TAU_HUMAN,64,32
sp|P10636-8|TAU_HUMAN,sp|P10636-8|TAU_HUMAN,64,44
sp|P10636-8|TAU_HUMAN,sp|P10636-8|TAU_HUMAN,64,67
sp|P10636-8|TAU_HUMAN,sp|P10636-8|TAU_HUMAN,64,87
sp|P10636-8|TAU_HUMAN,sp|P10636-8|TAU_HUMAN,64,94
sp|P10636-8|TAU_HUMAN,sp|P10636-8|TAU_HUMAN,320,267
sp|P10636-8|TAU_HUMAN,sp|P10636-8|TAU_HUMAN,320,268
sp|P10636-8|TAU_HUMAN,sp|P10636-8|TAU_HUMAN,320,274
sp|P10636-8|TAU_HUMAN,sp|P10636-8|TAU_HUMAN,320,280
sp|P10636-8|TAU_HUMAN,sp|P10636-8|TAU_HUMAN,320,281
sp|P10636-8|TAU_HUMAN,sp|P10636-8|TAU_HUMAN,320,290
sp|P10636-8|TAU_HUMAN,sp|P10636-8|TAU_HUMAN,320,294
sp|P10636-8|TAU_HUMAN,sp|P10636-8|TAU_HUMAN,320,298
sp|P10636-8|TAU_HUMAN,sp|P10636-8|TAU_HUMAN,320,299
sp|P10636-8|TAU_HUMAN,sp|P10636-8|TAU_HUMAN,320,311
sp|P10636-8|TAU_HUMAN,sp|P10636-8|TAU_HUMAN,320,317
sp|P10636-8|TAU_HUMAN,sp|P10636-8|TAU_HUMAN,320,321
sp|P10636-8|TAU_HUMAN,sp|P10636-8|TAU_HUMAN,320,329
sp|P10636-8|TAU_HUMAN,sp|P10636-8|TAU_HUMAN,320,330
sp|P10636-8|TAU_HUMAN,sp|P10636-8|TAU_HUMAN,320,331
sp|P10636-8|TAU_HUMAN,sp|P10636-8|TAU_HUMAN,320,340
sp|P10636-8|TAU_HUMAN,sp|P10636-8|TAU_HUMAN,320,343
sp|P10636-8|TAU_HUMAN,sp|P10636-8|TAU_HUMAN,320,347
sp|P10636-8|TAU_HUMAN,sp|P10636-8|TAU_HUMAN,320,349
sp|P10636-8|TAU_HUMAN,sp|P10636-8|TAU_HUMAN,320,353
sp|P10636-8|TAU_HUMAN,sp|P10636-8|TAU_HUMAN,320,362
sp|P10636-8|TAU_HUMAN,sp|P10636-8|TAU_HUMAN,320,369
sp|P10636-8|TAU_HUMAN,sp|P10636-8|TAU_HUMAN,320,370
sp|P10636-8|TAU_HUMAN,sp|P10636-8|TAU_HUMAN,320,374
sp|P10636-8|TAU_HUMAN,sp|P10636-8|TAU_HUMAN,195,141
sp|P10636-8|TAU_HUMAN,sp|P10636-8|TAU_HUMAN,195,143
sp|P10636-8|TAU_HUMAN,sp|P10636-8|TAU_HUMAN,195,148
sp|P10636-8|TAU_HUMAN,sp|P10636-8|TAU_HUMAN,195,150
sp|P10636-8|TAU_HUMAN,sp|P10636-8|TAU_HUMAN,195,155
sp|P10636-8|TAU_HUMAN,sp|P10636-8|TAU_HUMAN,195,163
sp|P10636-8|TAU_HUMAN,sp|P10636-8|TAU_HUMAN,195,170
sp|P10636-8|TAU_HUMAN,sp|P10636-8|TAU_HUMAN,195,174
sp|P10636-8|TAU_HUMAN,sp|P10636-8|TAU_HUMAN,195,180
sp|P10636-8|TAU_HUMAN,sp|P10636-8|TAU_HUMAN,195,190
sp|P10636-8|TAU_HUMAN,sp|P10636-8|TAU_HUMAN,195,194
sp|P10636-8|TAU_HUMAN,sp|P10636-8|TAU_HUMAN,195,209
sp|P10636-8|TAU_HUMAN,sp|P10636-8|TAU_HUMAN,195,211
sp|P10636-8|TAU_HUMAN,sp|P10636-8|TAU_HUMAN,195,221
sp|P10636-8|TAU_HUMAN,sp|P10636-8|TAU_HUMAN,195,224
sp|P10636-8|TAU_HUMAN,sp|P10636-8|TAU_HUMAN,195,225
sp|P10636-8|TAU_HUMAN,sp|P10636-8|TAU_HUMAN,195,230
sp|P10636-8|TAU_HUMAN,sp|P10636-8|TAU_HUMAN,195,234
sp|P10636-8|TAU_HUMAN,sp|P10636-8|TAU_HUMAN,195,240
sp|P10636-8|TAU_HUMAN,sp|P10636-8|TAU_HUMAN,195,242
sp|P10636-8|TAU_HUMAN,sp|P10636-8|TAU_HUMAN,68,14
sp|P10636-8|TAU_HUMAN,sp|P10636-8|TAU_HUMAN,68,23
sp|P10636-8|TAU_HUMAN,sp|P10636-8|TAU_HUMAN,68,24
sp|P10636-8|TAU_HUMAN,sp|P10636-8|TAU_HUMAN,68,32
sp|P10636-8|TAU_HUMAN,sp|P10636-8|TAU_HUMAN,68,44
sp|P10636-8|TAU_HUMAN,sp|P10636-8|TAU_HUMAN,68,67
sp|P10636-8|TAU_HUMAN,sp|P10636-8|TAU_HUMAN,68,87
sp|P10636-8|TAU_HUMAN,sp|P10636-8|TAU_HUMAN,68,94
sp|P10636-8|TAU_HUMAN,sp|P10636-8|TAU_HUMAN,68,121
sp|P10636-8|TAU_HUMAN,sp|P10636-8|TAU_HUMAN,324,274
sp|P10636-8|TAU_HUMAN,sp|P10636-8|TAU_HUMAN,324,280
sp|P10636-8|TAU_HUMAN,sp|P10636-8|TAU_HUMAN,324,281
sp|P10636-8|TAU_HUMAN,sp|P10636-8|TAU_HUMAN,324,290
sp|P10636-8|TAU_HUMAN,sp|P10636-8|TAU_HUMAN,324,294
sp|P10636-8|TAU_HUMAN,sp|P10636-8|TAU_HUMAN,324,298
sp|P10636-8|TAU_HUMAN,sp|P10636-8|TAU_HUMAN,324,299
sp|P10636-8|TAU_HUMAN,sp|P10636-8|TAU_HUMAN,324,311
sp|P10636-8|TAU_HUMAN,sp|P10636-8|TAU_HUMAN,324,317
sp|P10636-8|TAU_HUMAN,sp|P10636-8|TAU_HUMAN,324,321
sp|P10636-8|TAU_HUMAN,sp|P10636-8|TAU_HUMAN,324,329
sp|P10636-8|TAU_HUMAN,sp|P10636-8|TAU_HUMAN,324,330
sp|P10636-8|TAU_HUMAN,sp|P10636-8|TAU_HUMAN,324,331
sp|P10636-8|TAU_HUMAN,sp|P10636-8|TAU_HUMAN,324,340
sp|P10636-8|TAU_HUMAN,sp|P10636-8|TAU_HUMAN,324,343
sp|P10636-8|TAU_HUMAN,sp|P10636-8|TAU_HUMAN,324,347
sp|P10636-8|TAU_HUMAN,sp|P10636-8|TAU_HUMAN,324,349
sp|P10636-8|TAU_HUMAN,sp|P10636-8|TAU_HUMAN,324,353
sp|P10636-8|TAU_HUMAN,sp|P10636-8|TAU_HUMAN,324,362
sp|P10636-8|TAU_HUMAN,sp|P10636-8|TAU_HUMAN,324,369
sp|P10636-8|TAU_HUMAN,sp|P10636-8|TAU_HUMAN,324,370
sp|P10636-8|TAU_HUMAN,sp|P10636-8|TAU_HUMAN,324,374
sp|P10636-8|TAU_HUMAN,sp|P10636-8|TAU_HUMAN,324,375
sp|P10636-8|TAU_HUMAN,sp|P10636-8|TAU_HUMAN,69,23
sp|P10636-8|TAU_HUMAN,sp|P10636-8|TAU_HUMAN,69,24
sp|P10636-8|TAU_HUMAN,sp|P10636-8|TAU_HUMAN,69,32
sp|P10636-8|TAU_HUMAN,sp|P10636-8|TAU_HUMAN,69,44
sp|P10636-8|TAU_HUMAN,sp|P10636-8|TAU_HUMAN,69,67
sp|P10636-8|TAU_HUMAN,sp|P10636-8|TAU_HUMAN,69,87
sp|P10636-8|TAU_HUMAN,sp|P10636-8|TAU_HUMAN,69,94
sp|P10636-8|TAU_HUMAN,sp|P10636-8|TAU_HUMAN,69,121
sp|P10636-8|TAU_HUMAN,sp|P10636-8|TAU_HUMAN,197,143
sp|P10636-8|TAU_HUMAN,sp|P10636-8|TAU_HUMAN,197,148
sp|P10636-8|TAU_HUMAN,sp|P10636-8|TAU_HUMAN,197,150
sp|P10636-8|TAU_HUMAN,sp|P10636-8|TAU_HUMAN,197,155
sp|P10636-8|TAU_HUMAN,sp|P10636-8|TAU_HUMAN,197,163
sp|P10636-8|TAU_HUMAN,sp|P10636-8|TAU_HUMAN,197,170
sp|P10636-8|TAU_HUMAN,sp|P10636-8|TAU_HUMAN,197,174
sp|P10636-8|TAU_HUMAN,sp|P10636-8|TAU_HUMAN,197,180
sp|P10636-8|TAU_HUMAN,sp|P10636-8|TAU_HUMAN,197,190
sp|P10636-8|TAU_HUMAN,sp|P10636-8|TAU_HUMAN,197,194
sp|P10636-8|TAU_HUMAN,sp|P10636-8|TAU_HUMAN,197,209
sp|P10636-8|TAU_HUMAN,sp|P10636-8|TAU_HUMAN,197,211
sp|P10636-8|TAU_HUMAN,sp|P10636-8|TAU_HUMAN,197,221
sp|P10636-8|TAU_HUMAN,sp|P10636-8|TAU_HUMAN,197,224
sp|P10636-8|TAU_HUMAN,sp|P10636-8|TAU_HUMAN,197,225
sp|P10636-8|TAU_HUMAN,sp|P10636-8|TAU_HUMAN,197,230
sp|P10636-8|TAU_HUMAN,sp|P10636-8|TAU_HUMAN,197,234
sp|P10636-8|TAU_HUMAN,sp|P10636-8|TAU_HUMAN,197,240
sp|P10636-8|TAU_HUMAN,sp|P10636-8|TAU_HUMAN,197,242
sp|P10636-8|TAU_HUMAN,sp|P10636-8|TAU_HUMAN,198,148
sp|P10636-8|TAU_HUMAN,sp|P10636-8|TAU_HUMAN,198,150
sp|P10636-8|TAU_HUMAN,sp|P10636-8|TAU_HUMAN,198,155
sp|P10636-8|TAU_HUMAN,sp|P10636-8|TAU_HUMAN,198,163
sp|P10636-8|TAU_HUMAN,sp|P10636-8|TAU_HUMAN,198,170
sp|P10636-8|TAU_HUMAN,sp|P10636-8|TAU_HUMAN,198,174
sp|P10636-8|TAU_HUMAN,sp|P10636-8|TAU_HUMAN,198,180
sp|P10636-8|TAU_HUMAN,sp|P10636-8|TAU_HUMAN,198,190
sp|P10636-8|TAU_HUMAN,sp|P10636-8|TAU_HUMAN,198,194
sp|P10636-8|TAU_HUMAN,sp|P10636-8|TAU_HUMAN,198,209
sp|P10636-8|TAU_HUMAN,sp|P10636-8|TAU_HUMAN,198,211
sp|P10636-8|TAU_HUMAN,sp|P10636-8|TAU_HUMAN,198,221
sp|P10636-8|TAU_HUMAN,sp|P10636-8|TAU_HUMAN,198,224
sp|P10636-8|TAU_HUMAN,sp|P10636-8|TAU_HUMAN,198,225
sp|P10636-8|TAU_HUMAN,sp|P10636-8|TAU_HUMAN,198,230
sp|P10636-8|TAU_HUMAN,sp|P10636-8|TAU_HUMAN,198,234
sp|P10636-8|TAU_HUMAN,sp|P10636-8|TAU_HUMAN,198,240
sp|P10636-8|TAU_HUMAN,sp|P10636-8|TAU_HUMAN,198,242
sp|P10636-8|TAU_HUMAN,sp|P10636-8|TAU_HUMAN,71,23
sp|P10636-8|TAU_HUMAN,sp|P10636-8|TAU_HUMAN,71,24
sp|P10636-8|TAU_HUMAN,sp|P10636-8|TAU_HUMAN,71,32
sp|P10636-8|TAU_HUMAN,sp|P10636-8|TAU_HUMAN,71,44
sp|P10636-8|TAU_HUMAN,sp|P10636-8|TAU_HUMAN,71,67
sp|P10636-8|TAU_HUMAN,sp|P10636-8|TAU_HUMAN,71,87
sp|P10636-8|TAU_HUMAN,sp|P10636-8|TAU_HUMAN,71,94
sp|P10636-8|TAU_HUMAN,sp|P10636-8|TAU_HUMAN,71,121
sp|P10636-8|TAU_HUMAN,sp|P10636-8|TAU_HUMAN,199,148
sp|P10636-8|TAU_HUMAN,sp|P10636-8|TAU_HUMAN,199,150
sp|P10636-8|TAU_HUMAN,sp|P10636-8|TAU_HUMAN,199,155
sp|P10636-8|TAU_HUMAN,sp|P10636-8|TAU_HUMAN,199,163
sp|P10636-8|TAU_HUMAN,sp|P10636-8|TAU_HUMAN,199,170
sp|P10636-8|TAU_HUMAN,sp|P10636-8|TAU_HUMAN,199,174
sp|P10636-8|TAU_HUMAN,sp|P10636-8|TAU_HUMAN,199,180
sp|P10636-8|TAU_HUMAN,sp|P10636-8|TAU_HUMAN,199,190
sp|P10636-8|TAU_HUMAN,sp|P10636-8|TAU_HUMAN,199,194
sp|P10636-8|TAU_HUMAN,sp|P10636-8|TAU_HUMAN,199,209
sp|P10636-8|TAU_HUMAN,sp|P10636-8|TAU_HUMAN,199,211
sp|P10636-8|TAU_HUMAN,sp|P10636-8|TAU_HUMAN,199,221
sp|P10636-8|TAU_HUMAN,sp|P10636-8|TAU_HUMAN,199,224
sp|P10636-8|TAU_HUMAN,sp|P10636-8|TAU_HUMAN,199,225
sp|P10636-8|TAU_HUMAN,sp|P10636-8|TAU_HUMAN,199,230
sp|P10636-8|TAU_HUMAN,sp|P10636-8|TAU_HUMAN,199,234
sp|P10636-8|TAU_HUMAN,sp|P10636-8|TAU_HUMAN,199,240
sp|P10636-8|TAU_HUMAN,sp|P10636-8|TAU_HUMAN,199,242
sp|P10636-8|TAU_HUMAN,sp|P10636-8|TAU_HUMAN,202,148
sp|P10636-8|TAU_HUMAN,sp|P10636-8|TAU_HUMAN,202,150
sp|P10636-8|TAU_HUMAN,sp|P10636-8|TAU_HUMAN,202,155
sp|P10636-8|TAU_HUMAN,sp|P10636-8|TAU_HUMAN,202,163
sp|P10636-8|TAU_HUMAN,sp|P10636-8|TAU_HUMAN,202,170
sp|P10636-8|TAU_HUMAN,sp|P10636-8|TAU_HUMAN,202,174
sp|P10636-8|TAU_HUMAN,sp|P10636-8|TAU_HUMAN,202,180
sp|P10636-8|TAU_HUMAN,sp|P10636-8|TAU_HUMAN,202,190
sp|P10636-8|TAU_HUMAN,sp|P10636-8|TAU_HUMAN,202,194
sp|P10636-8|TAU_HUMAN,sp|P10636-8|TAU_HUMAN,202,209
sp|P10636-8|TAU_HUMAN,sp|P10636-8|TAU_HUMAN,202,211
sp|P10636-8|TAU_HUMAN,sp|P10636-8|TAU_HUMAN,202,221
sp|P10636-8|TAU_HUMAN,sp|P10636-8|TAU_HUMAN,202,224
sp|P10636-8|TAU_HUMAN,sp|P10636-8|TAU_HUMAN,202,225
sp|P10636-8|TAU_HUMAN,sp|P10636-8|TAU_HUMAN,202,230
sp|P10636-8|TAU_HUMAN,sp|P10636-8|TAU_HUMAN,202,234
sp|P10636-8|TAU_HUMAN,sp|P10636-8|TAU_HUMAN,202,240
sp|P10636-8|TAU_HUMAN,sp|P10636-8|TAU_HUMAN,202,242
sp|P10636-8|TAU_HUMAN,sp|P10636-8|TAU_HUMAN,202,254
sp|P10636-8|TAU_HUMAN,sp|P10636-8|TAU_HUMAN,76,23
sp|P10636-8|TAU_HUMAN,sp|P10636-8|TAU_HUMAN,76,24
sp|P10636-8|TAU_HUMAN,sp|P10636-8|TAU_HUMAN,76,32
sp|P10636-8|TAU_HUMAN,sp|P10636-8|TAU_HUMAN,76,44
sp|P10636-8|TAU_HUMAN,sp|P10636-8|TAU_HUMAN,76,67
sp|P10636-8|TAU_HUMAN,sp|P10636-8|TAU_HUMAN,76,87
sp|P10636-8|TAU_HUMAN,sp|P10636-8|TAU_HUMAN,76,94
sp|P10636-8|TAU_HUMAN,sp|P10636-8|TAU_HUMAN,76,121
sp|P10636-8|TAU_HUMAN,sp|P10636-8|TAU_HUMAN,76,126
sp|P10636-8|TAU_HUMAN,sp|P10636-8|TAU_HUMAN,76,130
sp|P10636-8|TAU_HUMAN,sp|P10636-8|TAU_HUMAN,205,155
sp|P10636-8|TAU_HUMAN,sp|P10636-8|TAU_HUMAN,205,163
sp|P10636-8|TAU_HUMAN,sp|P10636-8|TAU_HUMAN,205,170
sp|P10636-8|TAU_HUMAN,sp|P10636-8|TAU_HUMAN,205,174
sp|P10636-8|TAU_HUMAN,sp|P10636-8|TAU_HUMAN,205,180
sp|P10636-8|TAU_HUMAN,sp|P10636-8|TAU_HUMAN,205,190
sp|P10636-8|TAU_HUMAN,sp|P10636-8|TAU_HUMAN,205,194
sp|P10636-8|TAU_HUMAN,sp|P10636-8|TAU_HUMAN,205,209
sp|P10636-8|TAU_HUMAN,sp|P10636-8|TAU_HUMAN,205,211
sp|P10636-8|TAU_HUMAN,sp|P10636-8|TAU_HUMAN,205,221
sp|P10636-8|TAU_HUMAN,sp|P10636-8|TAU_HUMAN,205,224
sp|P10636-8|TAU_HUMAN,sp|P10636-8|TAU_HUMAN,205,225
sp|P10636-8|TAU_HUMAN,sp|P10636-8|TAU_HUMAN,205,230
sp|P10636-8|TAU_HUMAN,sp|P10636-8|TAU_HUMAN,205,234
sp|P10636-8|TAU_HUMAN,sp|P10636-8|TAU_HUMAN,205,240
sp|P10636-8|TAU_HUMAN,sp|P10636-8|TAU_HUMAN,205,242
sp|P10636-8|TAU_HUMAN,sp|P10636-8|TAU_HUMAN,205,254
sp|P10636-8|TAU_HUMAN,sp|P10636-8|TAU_HUMAN,205,257
sp|P10636-8|TAU_HUMAN,sp|P10636-8|TAU_HUMAN,205,259
sp|P10636-8|TAU_HUMAN,sp|P10636-8|TAU_HUMAN,208,155
sp|P10636-8|TAU_HUMAN,sp|P10636-8|TAU_HUMAN,208,163
sp|P10636-8|TAU_HUMAN,sp|P10636-8|TAU_HUMAN,208,170
sp|P10636-8|TAU_HUMAN,sp|P10636-8|TAU_HUMAN,208,174
sp|P10636-8|TAU_HUMAN,sp|P10636-8|TAU_HUMAN,208,180
sp|P10636-8|TAU_HUMAN,sp|P10636-8|TAU_HUMAN,208,190
sp|P10636-8|TAU_HUMAN,sp|P10636-8|TAU_HUMAN,208,194
sp|P10636-8|TAU_HUMAN,sp|P10636-8|TAU_HUMAN,208,209
sp|P10636-8|TAU_HUMAN,sp|P10636-8|TAU_HUMAN,208,211
sp|P10636-8|TAU_HUMAN,sp|P10636-8|TAU_HUMAN,208,221
sp|P10636-8|TAU_HUMAN,sp|P10636-8|TAU_HUMAN,208,224
sp|P10636-8|TAU_HUMAN,sp|P10636-8|TAU_HUMAN,208,225
sp|P10636-8|TAU_HUMAN,sp|P10636-8|TAU_HUMAN,208,230
sp|P10636-8|TAU_HUMAN,sp|P10636-8|TAU_HUMAN,208,234
sp|P10636-8|TAU_HUMAN,sp|P10636-8|TAU_HUMAN,208,240
sp|P10636-8|TAU_HUMAN,sp|P10636-8|TAU_HUMAN,208,242
sp|P10636-8|TAU_HUMAN,sp|P10636-8|TAU_HUMAN,208,254
sp|P10636-8|TAU_HUMAN,sp|P10636-8|TAU_HUMAN,208,257
sp|P10636-8|TAU_HUMAN,sp|P10636-8|TAU_HUMAN,208,259
sp|P10636-8|TAU_HUMAN,sp|P10636-8|TAU_HUMAN,210,163
sp|P10636-8|TAU_HUMAN,sp|P10636-8|TAU_HUMAN,210,170
sp|P10636-8|TAU_HUMAN,sp|P10636-8|TAU_HUMAN,210,174
sp|P10636-8|TAU_HUMAN,sp|P10636-8|TAU_HUMAN,210,180
sp|P10636-8|TAU_HUMAN,sp|P10636-8|TAU_HUMAN,210,190
sp|P10636-8|TAU_HUMAN,sp|P10636-8|TAU_HUMAN,210,194
sp|P10636-8|TAU_HUMAN,sp|P10636-8|TAU_HUMAN,210,209
sp|P10636-8|TAU_HUMAN,sp|P10636-8|TAU_HUMAN,210,211
sp|P10636-8|TAU_HUMAN,sp|P10636-8|TAU_HUMAN,210,221
sp|P10636-8|TAU_HUMAN,sp|P10636-8|TAU_HUMAN,210,224
sp|P10636-8|TAU_HUMAN,sp|P10636-8|TAU_HUMAN,210,225
sp|P10636-8|TAU_HUMAN,sp|P10636-8|TAU_HUMAN,210,230
sp|P10636-8|TAU_HUMAN,sp|P10636-8|TAU_HUMAN,210,234
sp|P10636-8|TAU_HUMAN,sp|P10636-8|TAU_HUMAN,210,240
sp|P10636-8|TAU_HUMAN,sp|P10636-8|TAU_HUMAN,210,242
sp|P10636-8|TAU_HUMAN,sp|P10636-8|TAU_HUMAN,210,254
sp|P10636-8|TAU_HUMAN,sp|P10636-8|TAU_HUMAN,210,257
sp|P10636-8|TAU_HUMAN,sp|P10636-8|TAU_HUMAN,210,259
sp|P10636-8|TAU_HUMAN,sp|P10636-8|TAU_HUMAN,212,163
sp|P10636-8|TAU_HUMAN,sp|P10636-8|TAU_HUMAN,212,170
sp|P10636-8|TAU_HUMAN,sp|P10636-8|TAU_HUMAN,212,174
sp|P10636-8|TAU_HUMAN,sp|P10636-8|TAU_HUMAN,212,180
sp|P10636-8|TAU_HUMAN,sp|P10636-8|TAU_HUMAN,212,190
sp|P10636-8|TAU_HUMAN,sp|P10636-8|TAU_HUMAN,212,194
sp|P10636-8|TAU_HUMAN,sp|P10636-8|TAU_HUMAN,212,209
sp|P10636-8|TAU_HUMAN,sp|P10636-8|TAU_HUMAN,212,211
sp|P10636-8|TAU_HUMAN,sp|P10636-8|TAU_HUMAN,212,221
sp|P10636-8|TAU_HUMAN,sp|P10636-8|TAU_HUMAN,212,224
sp|P10636-8|TAU_HUMAN,sp|P10636-8|TAU_HUMAN,212,225
sp|P10636-8|TAU_HUMAN,sp|P10636-8|TAU_HUMAN,212,230
sp|P10636-8|TAU_HUMAN,sp|P10636-8|TAU_HUMAN,212,234
sp|P10636-8|TAU_HUMAN,sp|P10636-8|TAU_HUMAN,212,240
sp|P10636-8|TAU_HUMAN,sp|P10636-8|TAU_HUMAN,212,242
sp|P10636-8|TAU_HUMAN,sp|P10636-8|TAU_HUMAN,212,254
sp|P10636-8|TAU_HUMAN,sp|P10636-8|TAU_HUMAN,212,257
sp|P10636-8|TAU_HUMAN,sp|P10636-8|TAU_HUMAN,212,259
sp|P10636-8|TAU_HUMAN,sp|P10636-8|TAU_HUMAN,341,290
sp|P10636-8|TAU_HUMAN,sp|P10636-8|TAU_HUMAN,341,294
sp|P10636-8|TAU_HUMAN,sp|P10636-8|TAU_HUMAN,341,298
sp|P10636-8|TAU_HUMAN,sp|P10636-8|TAU_HUMAN,341,299
sp|P10636-8|TAU_HUMAN,sp|P10636-8|TAU_HUMAN,341,311
sp|P10636-8|TAU_HUMAN,sp|P10636-8|TAU_HUMAN,341,317
sp|P10636-8|TAU_HUMAN,sp|P10636-8|TAU_HUMAN,341,321
sp|P10636-8|TAU_HUMAN,sp|P10636-8|TAU_HUMAN,341,329
sp|P10636-8|TAU_HUMAN,sp|P10636-8|TAU_HUMAN,341,330
sp|P10636-8|TAU_HUMAN,sp|P10636-8|TAU_HUMAN,341,331
sp|P10636-8|TAU_HUMAN,sp|P10636-8|TAU_HUMAN,341,340
sp|P10636-8|TAU_HUMAN,sp|P10636-8|TAU_HUMAN,341,343
sp|P10636-8|TAU_HUMAN,sp|P10636-8|TAU_HUMAN,341,347
sp|P10636-8|TAU_HUMAN,sp|P10636-8|TAU_HUMAN,341,349
sp|P10636-8|TAU_HUMAN,sp|P10636-8|TAU_HUMAN,341,353
sp|P10636-8|TAU_HUMAN,sp|P10636-8|TAU_HUMAN,341,362
sp|P10636-8|TAU_HUMAN,sp|P10636-8|TAU_HUMAN,341,369
sp|P10636-8|TAU_HUMAN,sp|P10636-8|TAU_HUMAN,341,370
sp|P10636-8|TAU_HUMAN,sp|P10636-8|TAU_HUMAN,341,374
sp|P10636-8|TAU_HUMAN,sp|P10636-8|TAU_HUMAN,341,375
sp|P10636-8|TAU_HUMAN,sp|P10636-8|TAU_HUMAN,341,379
sp|P10636-8|TAU_HUMAN,sp|P10636-8|TAU_HUMAN,341,383
sp|P10636-8|TAU_HUMAN,sp|P10636-8|TAU_HUMAN,341,385
sp|P10636-8|TAU_HUMAN,sp|P10636-8|TAU_HUMAN,341,388
sp|P10636-8|TAU_HUMAN,sp|P10636-8|TAU_HUMAN,341,395
sp|P10636-8|TAU_HUMAN,sp|P10636-8|TAU_HUMAN,214,163
sp|P10636-8|TAU_HUMAN,sp|P10636-8|TAU_HUMAN,214,170
sp|P10636-8|TAU_HUMAN,sp|P10636-8|TAU_HUMAN,214,174
sp|P10636-8|TAU_HUMAN,sp|P10636-8|TAU_HUMAN,214,180
sp|P10636-8|TAU_HUMAN,sp|P10636-8|TAU_HUMAN,214,190
sp|P10636-8|TAU_HUMAN,sp|P10636-8|TAU_HUMAN,214,194
sp|P10636-8|TAU_HUMAN,sp|P10636-8|TAU_HUMAN,214,209
sp|P10636-8|TAU_HUMAN,sp|P10636-8|TAU_HUMAN,214,211
sp|P10636-8|TAU_HUMAN,sp|P10636-8|TAU_HUMAN,214,221
sp|P10636-8|TAU_HUMAN,sp|P10636-8|TAU_HUMAN,214,224
sp|P10636-8|TAU_HUMAN,sp|P10636-8|TAU_HUMAN,214,225
sp|P10636-8|TAU_HUMAN,sp|P10636-8|TAU_HUMAN,214,230
sp|P10636-8|TAU_HUMAN,sp|P10636-8|TAU_HUMAN,214,234
sp|P10636-8|TAU_HUMAN,sp|P10636-8|TAU_HUMAN,214,240
sp|P10636-8|TAU_HUMAN,sp|P10636-8|TAU_HUMAN,214,242
sp|P10636-8|TAU_HUMAN,sp|P10636-8|TAU_HUMAN,214,254
sp|P10636-8|TAU_HUMAN,sp|P10636-8|TAU_HUMAN,214,257
sp|P10636-8|TAU_HUMAN,sp|P10636-8|TAU_HUMAN,214,259
sp|P10636-8|TAU_HUMAN,sp|P10636-8|TAU_HUMAN,214,267
sp|P10636-8|TAU_HUMAN,sp|P10636-8|TAU_HUMAN,214,268
sp|P10636-8|TAU_HUMAN,sp|P10636-8|TAU_HUMAN,217,163
sp|P10636-8|TAU_HUMAN,sp|P10636-8|TAU_HUMAN,217,170
sp|P10636-8|TAU_HUMAN,sp|P10636-8|TAU_HUMAN,217,174
sp|P10636-8|TAU_HUMAN,sp|P10636-8|TAU_HUMAN,217,180
sp|P10636-8|TAU_HUMAN,sp|P10636-8|TAU_HUMAN,217,190
sp|P10636-8|TAU_HUMAN,sp|P10636-8|TAU_HUMAN,217,194
sp|P10636-8|TAU_HUMAN,sp|P10636-8|TAU_HUMAN,217,209
sp|P10636-8|TAU_HUMAN,sp|P10636-8|TAU_HUMAN,217,211
sp|P10636-8|TAU_HUMAN,sp|P10636-8|TAU_HUMAN,217,221
sp|P10636-8|TAU_HUMAN,sp|P10636-8|TAU_HUMAN,217,224
sp|P10636-8|TAU_HUMAN,sp|P10636-8|TAU_HUMAN,217,225
sp|P10636-8|TAU_HUMAN,sp|P10636-8|TAU_HUMAN,217,230
sp|P10636-8|TAU_HUMAN,sp|P10636-8|TAU_HUMAN,217,234
sp|P10636-8|TAU_HUMAN,sp|P10636-8|TAU_HUMAN,217,240
sp|P10636-8|TAU_HUMAN,sp|P10636-8|TAU_HUMAN,217,242
sp|P10636-8|TAU_HUMAN,sp|P10636-8|TAU_HUMAN,217,254
sp|P10636-8|TAU_HUMAN,sp|P10636-8|TAU_HUMAN,217,257
sp|P10636-8|TAU_HUMAN,sp|P10636-8|TAU_HUMAN,217,259
sp|P10636-8|TAU_HUMAN,sp|P10636-8|TAU_HUMAN,217,267
sp|P10636-8|TAU_HUMAN,sp|P10636-8|TAU_HUMAN,217,268
sp|P10636-8|TAU_HUMAN,sp|P10636-8|TAU_HUMAN,220,170
sp|P10636-8|TAU_HUMAN,sp|P10636-8|TAU_HUMAN,220,174
sp|P10636-8|TAU_HUMAN,sp|P10636-8|TAU_HUMAN,220,180
sp|P10636-8|TAU_HUMAN,sp|P10636-8|TAU_HUMAN,220,190
sp|P10636-8|TAU_HUMAN,sp|P10636-8|TAU_HUMAN,220,194
sp|P10636-8|TAU_HUMAN,sp|P10636-8|TAU_HUMAN,220,209
sp|P10636-8|TAU_HUMAN,sp|P10636-8|TAU_HUMAN,220,211
sp|P10636-8|TAU_HUMAN,sp|P10636-8|TAU_HUMAN,220,221
sp|P10636-8|TAU_HUMAN,sp|P10636-8|TAU_HUMAN,220,224
sp|P10636-8|TAU_HUMAN,sp|P10636-8|TAU_HUMAN,220,225
sp|P10636-8|TAU_HUMAN,sp|P10636-8|TAU_HUMAN,220,230
sp|P10636-8|TAU_HUMAN,sp|P10636-8|TAU_HUMAN,220,234
sp|P10636-8|TAU_HUMAN,sp|P10636-8|TAU_HUMAN,220,240
sp|P10636-8|TAU_HUMAN,sp|P10636-8|TAU_HUMAN,220,242
sp|P10636-8|TAU_HUMAN,sp|P10636-8|TAU_HUMAN,220,254
sp|P10636-8|TAU_HUMAN,sp|P10636-8|TAU_HUMAN,220,257
sp|P10636-8|TAU_HUMAN,sp|P10636-8|TAU_HUMAN,220,259
sp|P10636-8|TAU_HUMAN,sp|P10636-8|TAU_HUMAN,220,267
sp|P10636-8|TAU_HUMAN,sp|P10636-8|TAU_HUMAN,220,268
sp|P10636-8|TAU_HUMAN,sp|P10636-8|TAU_HUMAN,220,274
sp|P10636-8|TAU_HUMAN,sp|P10636-8|TAU_HUMAN,95,44
sp|P10636-8|TAU_HUMAN,sp|P10636-8|TAU_HUMAN,95,67
sp|P10636-8|TAU_HUMAN,sp|P10636-8|TAU_HUMAN,95,87
sp|P10636-8|TAU_HUMAN,sp|P10636-8|TAU_HUMAN,95,94
sp|P10636-8|TAU_HUMAN,sp|P10636-8|TAU_HUMAN,95,121
sp|P10636-8|TAU_HUMAN,sp|P10636-8|TAU_HUMAN,95,126
sp|P10636-8|TAU_HUMAN,sp|P10636-8|TAU_HUMAN,95,130
sp|P10636-8|TAU_HUMAN,sp|P10636-8|TAU_HUMAN,95,132
sp|P10636-8|TAU_HUMAN,sp|P10636-8|TAU_HUMAN,95,140
sp|P10636-8|TAU_HUMAN,sp|P10636-8|TAU_HUMAN,95,141
sp|P10636-8|TAU_HUMAN,sp|P10636-8|TAU_HUMAN,95,143
sp|P10636-8|TAU_HUMAN,sp|P10636-8|TAU_HUMAN,95,148
sp|P10636-8|TAU_HUMAN,sp|P10636-8|TAU_HUMAN,352,298
sp|P10636-8|TAU_HUMAN,sp|P10636-8|TAU_HUMAN,352,299
sp|P10636-8|TAU_HUMAN,sp|P10636-8|TAU_HUMAN,352,311
sp|P10636-8|TAU_HUMAN,sp|P10636-8|TAU_HUMAN,352,317
sp|P10636-8|TAU_HUMAN,sp|P10636-8|TAU_HUMAN,352,321
sp|P10636-8|TAU_HUMAN,sp|P10636-8|TAU_HUMAN,352,329
sp|P10636-8|TAU_HUMAN,sp|P10636-8|TAU_HUMAN,352,330
sp|P10636-8|TAU_HUMAN,sp|P10636-8|TAU_HUMAN,352,331
sp|P10636-8|TAU_HUMAN,sp|P10636-8|TAU_HUMAN,352,340
sp|P10636-8|TAU_HUMAN,sp|P10636-8|TAU_HUMAN,352,343
sp|P10636-8|TAU_HUMAN,sp|P10636-8|TAU_HUMAN,352,347
sp|P10636-8|TAU_HUMAN,sp|P10636-8|TAU_HUMAN,352,349
sp|P10636-8|TAU_HUMAN,sp|P10636-8|TAU_HUMAN,352,353
sp|P10636-8|TAU_HUMAN,sp|P10636-8|TAU_HUMAN,352,362
sp|P10636-8|TAU_HUMAN,sp|P10636-8|TAU_HUMAN,352,369
sp|P10636-8|TAU_HUMAN,sp|P10636-8|TAU_HUMAN,352,370
sp|P10636-8|TAU_HUMAN,sp|P10636-8|TAU_HUMAN,352,374
sp|P10636-8|TAU_HUMAN,sp|P10636-8|TAU_HUMAN,352,375
sp|P10636-8|TAU_HUMAN,sp|P10636-8|TAU_HUMAN,352,379
sp|P10636-8|TAU_HUMAN,sp|P10636-8|TAU_HUMAN,352,383
sp|P10636-8|TAU_HUMAN,sp|P10636-8|TAU_HUMAN,352,385
sp|P10636-8|TAU_HUMAN,sp|P10636-8|TAU_HUMAN,352,388
sp|P10636-8|TAU_HUMAN,sp|P10636-8|TAU_HUMAN,352,395
sp|P10636-8|TAU_HUMAN,sp|P10636-8|TAU_HUMAN,352,406
sp|P10636-8|TAU_HUMAN,sp|P10636-8|TAU_HUMAN,356,311
sp|P10636-8|TAU_HUMAN,sp|P10636-8|TAU_HUMAN,356,317
sp|P10636-8|TAU_HUMAN,sp|P10636-8|TAU_HUMAN,356,321
sp|P10636-8|TAU_HUMAN,sp|P10636-8|TAU_HUMAN,356,329
sp|P10636-8|TAU_HUMAN,sp|P10636-8|TAU_HUMAN,356,330
sp|P10636-8|TAU_HUMAN,sp|P10636-8|TAU_HUMAN,356,331
sp|P10636-8|TAU_HUMAN,sp|P10636-8|TAU_HUMAN,356,340
sp|P10636-8|TAU_HUMAN,sp|P10636-8|TAU_HUMAN,356,343
sp|P10636-8|TAU_HUMAN,sp|P10636-8|TAU_HUMAN,356,347
sp|P10636-8|TAU_HUMAN,sp|P10636-8|TAU_HUMAN,356,349
sp|P10636-8|TAU_HUMAN,sp|P10636-8|TAU_HUMAN,356,353
sp|P10636-8|TAU_HUMAN,sp|P10636-8|TAU_HUMAN,356,362
sp|P10636-8|TAU_HUMAN,sp|P10636-8|TAU_HUMAN,356,369
sp|P10636-8|TAU_HUMAN,sp|P10636-8|TAU_HUMAN,356,370
sp|P10636-8|TAU_HUMAN,sp|P10636-8|TAU_HUMAN,356,374
sp|P10636-8|TAU_HUMAN,sp|P10636-8|TAU_HUMAN,356,375
sp|P10636-8|TAU_HUMAN,sp|P10636-8|TAU_HUMAN,356,379
sp|P10636-8|TAU_HUMAN,sp|P10636-8|TAU_HUMAN,356,383
sp|P10636-8|TAU_HUMAN,sp|P10636-8|TAU_HUMAN,356,385
sp|P10636-8|TAU_HUMAN,sp|P10636-8|TAU_HUMAN,356,388
sp|P10636-8|TAU_HUMAN,sp|P10636-8|TAU_HUMAN,356,395
sp|P10636-8|TAU_HUMAN,sp|P10636-8|TAU_HUMAN,356,406
sp|P10636-8|TAU_HUMAN,sp|P10636-8|TAU_HUMAN,356,407
sp|P10636-8|TAU_HUMAN,sp|P10636-8|TAU_HUMAN,101,67
sp|P10636-8|TAU_HUMAN,sp|P10636-8|TAU_HUMAN,101,87
sp|P10636-8|TAU_HUMAN,sp|P10636-8|TAU_HUMAN,101,94
sp|P10636-8|TAU_HUMAN,sp|P10636-8|TAU_HUMAN,101,121
sp|P10636-8|TAU_HUMAN,sp|P10636-8|TAU_HUMAN,101,126
sp|P10636-8|TAU_HUMAN,sp|P10636-8|TAU_HUMAN,101,130
sp|P10636-8|TAU_HUMAN,sp|P10636-8|TAU_HUMAN,101,132
sp|P10636-8|TAU_HUMAN,sp|P10636-8|TAU_HUMAN,101,140
sp|P10636-8|TAU_HUMAN,sp|P10636-8|TAU_HUMAN,101,141
sp|P10636-8|TAU_HUMAN,sp|P10636-8|TAU_HUMAN,101,143
sp|P10636-8|TAU_HUMAN,sp|P10636-8|TAU_HUMAN,101,148
sp|P10636-8|TAU_HUMAN,sp|P10636-8|TAU_HUMAN,101,150
sp|P10636-8|TAU_HUMAN,sp|P10636-8|TAU_HUMAN,101,155
sp|P10636-8|TAU_HUMAN,sp|P10636-8|TAU_HUMAN,102,67
sp|P10636-8|TAU_HUMAN,sp|P10636-8|TAU_HUMAN,102,87
sp|P10636-8|TAU_HUMAN,sp|P10636-8|TAU_HUMAN,102,94
sp|P10636-8|TAU_HUMAN,sp|P10636-8|TAU_HUMAN,102,121
sp|P10636-8|TAU_HUMAN,sp|P10636-8|TAU_HUMAN,102,126
sp|P10636-8|TAU_HUMAN,sp|P10636-8|TAU_HUMAN,102,130
sp|P10636-8|TAU_HUMAN,sp|P10636-8|TAU_HUMAN,102,132
sp|P10636-8|TAU_HUMAN,sp|P10636-8|TAU_HUMAN,102,140
sp|P10636-8|TAU_HUMAN,sp|P10636-8|TAU_HUMAN,102,141
sp|P10636-8|TAU_HUMAN,sp|P10636-8|TAU_HUMAN,102,143
sp|P10636-8|TAU_HUMAN,sp|P10636-8|TAU_HUMAN,102,148
sp|P10636-8|TAU_HUMAN,sp|P10636-8|TAU_HUMAN,102,150
sp|P10636-8|TAU_HUMAN,sp|P10636-8|TAU_HUMAN,102,155
sp|P10636-8|TAU_HUMAN,sp|P10636-8|TAU_HUMAN,231,180
sp|P10636-8|TAU_HUMAN,sp|P10636-8|TAU_HUMAN,231,190
sp|P10636-8|TAU_HUMAN,sp|P10636-8|TAU_HUMAN,231,194
sp|P10636-8|TAU_HUMAN,sp|P10636-8|TAU_HUMAN,231,209
sp|P10636-8|TAU_HUMAN,sp|P10636-8|TAU_HUMAN,231,211
sp|P10636-8|TAU_HUMAN,sp|P10636-8|TAU_HUMAN,231,221
sp|P10636-8|TAU_HUMAN,sp|P10636-8|TAU_HUMAN,231,224
sp|P10636-8|TAU_HUMAN,sp|P10636-8|TAU_HUMAN,231,225
sp|P10636-8|TAU_HUMAN,sp|P10636-8|TAU_HUMAN,231,230
sp|P10636-8|TAU_HUMAN,sp|P10636-8|TAU_HUMAN,231,234
sp|P10636-8|TAU_HUMAN,sp|P10636-8|TAU_HUMAN,231,240
sp|P10636-8|TAU_HUMAN,sp|P10636-8|TAU_HUMAN,231,242
sp|P10636-8|TAU_HUMAN,sp|P10636-8|TAU_HUMAN,231,254
sp|P10636-8|TAU_HUMAN,sp|P10636-8|TAU_HUMAN,231,257
sp|P10636-8|TAU_HUMAN,sp|P10636-8|TAU_HUMAN,231,259
sp|P10636-8|TAU_HUMAN,sp|P10636-8|TAU_HUMAN,231,267
sp|P10636-8|TAU_HUMAN,sp|P10636-8|TAU_HUMAN,231,268
sp|P10636-8|TAU_HUMAN,sp|P10636-8|TAU_HUMAN,231,274
sp|P10636-8|TAU_HUMAN,sp|P10636-8|TAU_HUMAN,231,280
sp|P10636-8|TAU_HUMAN,sp|P10636-8|TAU_HUMAN,231,281
sp|P10636-8|TAU_HUMAN,sp|P10636-8|TAU_HUMAN,361,311
sp|P10636-8|TAU_HUMAN,sp|P10636-8|TAU_HUMAN,361,317
sp|P10636-8|TAU_HUMAN,sp|P10636-8|TAU_HUMAN,361,321
sp|P10636-8|TAU_HUMAN,sp|P10636-8|TAU_HUMAN,361,329
sp|P10636-8|TAU_HUMAN,sp|P10636-8|TAU_HUMAN,361,330
sp|P10636-8|TAU_HUMAN,sp|P10636-8|TAU_HUMAN,361,331
sp|P10636-8|TAU_HUMAN,sp|P10636-8|TAU_HUMAN,361,340
sp|P10636-8|TAU_HUMAN,sp|P10636-8|TAU_HUMAN,361,343
sp|P10636-8|TAU_HUMAN,sp|P10636-8|TAU_HUMAN,361,347
sp|P10636-8|TAU_HUMAN,sp|P10636-8|TAU_HUMAN,361,349
sp|P10636-8|TAU_HUMAN,sp|P10636-8|TAU_HUMAN,361,353
sp|P10636-8|TAU_HUMAN,sp|P10636-8|TAU_HUMAN,361,362
sp|P10636-8|TAU_HUMAN,sp|P10636-8|TAU_HUMAN,361,369
sp|P10636-8|TAU_HUMAN,sp|P10636-8|TAU_HUMAN,361,370
sp|P10636-8|TAU_HUMAN,sp|P10636-8|TAU_HUMAN,361,374
sp|P10636-8|TAU_HUMAN,sp|P10636-8|TAU_HUMAN,361,375
sp|P10636-8|TAU_HUMAN,sp|P10636-8|TAU_HUMAN,361,379
sp|P10636-8|TAU_HUMAN,sp|P10636-8|TAU_HUMAN,361,383
sp|P10636-8|TAU_HUMAN,sp|P10636-8|TAU_HUMAN,361,385
sp|P10636-8|TAU_HUMAN,sp|P10636-8|TAU_HUMAN,361,388
sp|P10636-8|TAU_HUMAN,sp|P10636-8|TAU_HUMAN,361,395
sp|P10636-8|TAU_HUMAN,sp|P10636-8|TAU_HUMAN,361,406
sp|P10636-8|TAU_HUMAN,sp|P10636-8|TAU_HUMAN,361,407
sp|P10636-8|TAU_HUMAN,sp|P10636-8|TAU_HUMAN,235,190
sp|P10636-8|TAU_HUMAN,sp|P10636-8|TAU_HUMAN,235,194
sp|P10636-8|TAU_HUMAN,sp|P10636-8|TAU_HUMAN,235,209
sp|P10636-8|TAU_HUMAN,sp|P10636-8|TAU_HUMAN,235,211
sp|P10636-8|TAU_HUMAN,sp|P10636-8|TAU_HUMAN,235,221
sp|P10636-8|TAU_HUMAN,sp|P10636-8|TAU_HUMAN,235,224
sp|P10636-8|TAU_HUMAN,sp|P10636-8|TAU_HUMAN,235,225
sp|P10636-8|TAU_HUMAN,sp|P10636-8|TAU_HUMAN,235,230
sp|P10636-8|TAU_HUMAN,sp|P10636-8|TAU_HUMAN,235,234
sp|P10636-8|TAU_HUMAN,sp|P10636-8|TAU_HUMAN,235,240
sp|P10636-8|TAU_HUMAN,sp|P10636-8|TAU_HUMAN,235,242
sp|P10636-8|TAU_HUMAN,sp|P10636-8|TAU_HUMAN,235,254
sp|P10636-8|TAU_HUMAN,sp|P10636-8|TAU_HUMAN,235,257
sp|P10636-8|TAU_HUMAN,sp|P10636-8|TAU_HUMAN,235,259
sp|P10636-8|TAU_HUMAN,sp|P10636-8|TAU_HUMAN,235,267
sp|P10636-8|TAU_HUMAN,sp|P10636-8|TAU_HUMAN,235,268
sp|P10636-8|TAU_HUMAN,sp|P10636-8|TAU_HUMAN,235,274
sp|P10636-8|TAU_HUMAN,sp|P10636-8|TAU_HUMAN,235,280
sp|P10636-8|TAU_HUMAN,sp|P10636-8|TAU_HUMAN,235,281
sp|P10636-8|TAU_HUMAN,sp|P10636-8|TAU_HUMAN,237,190
sp|P10636-8|TAU_HUMAN,sp|P10636-8|TAU_HUMAN,237,194
sp|P10636-8|TAU_HUMAN,sp|P10636-8|TAU_HUMAN,237,209
sp|P10636-8|TAU_HUMAN,sp|P10636-8|TAU_HUMAN,237,211
sp|P10636-8|TAU_HUMAN,sp|P10636-8|TAU_HUMAN,237,221
sp|P10636-8|TAU_HUMAN,sp|P10636-8|TAU_HUMAN,237,224
sp|P10636-8|TAU_HUMAN,sp|P10636-8|TAU_HUMAN,237,225
sp|P10636-8|TAU_HUMAN,sp|P10636-8|TAU_HUMAN,237,230
sp|P10636-8|TAU_HUMAN,sp|P10636-8|TAU_HUMAN,237,234
sp|P10636-8|TAU_HUMAN,sp|P10636-8|TAU_HUMAN,237,240
sp|P10636-8|TAU_HUMAN,sp|P10636-8|TAU_HUMAN,237,242
sp|P10636-8|TAU_HUMAN,sp|P10636-8|TAU_HUMAN,237,254
sp|P10636-8|TAU_HUMAN,sp|P10636-8|TAU_HUMAN,237,257
sp|P10636-8|TAU_HUMAN,sp|P10636-8|TAU_HUMAN,237,259
sp|P10636-8|TAU_HUMAN,sp|P10636-8|TAU_HUMAN,237,267
sp|P10636-8|TAU_HUMAN,sp|P10636-8|TAU_HUMAN,237,268
sp|P10636-8|TAU_HUMAN,sp|P10636-8|TAU_HUMAN,237,274
sp|P10636-8|TAU_HUMAN,sp|P10636-8|TAU_HUMAN,237,280
sp|P10636-8|TAU_HUMAN,sp|P10636-8|TAU_HUMAN,237,281
sp|P10636-8|TAU_HUMAN,sp|P10636-8|TAU_HUMAN,237,290
sp|P10636-8|TAU_HUMAN,sp|P10636-8|TAU_HUMAN,238,190
sp|P10636-8|TAU_HUMAN,sp|P10636-8|TAU_HUMAN,238,194
sp|P10636-8|TAU_HUMAN,sp|P10636-8|TAU_HUMAN,238,209
sp|P10636-8|TAU_HUMAN,sp|P10636-8|TAU_HUMAN,238,211
sp|P10636-8|TAU_HUMAN,sp|P10636-8|TAU_HUMAN,238,221
sp|P10636-8|TAU_HUMAN,sp|P10636-8|TAU_HUMAN,238,224
sp|P10636-8|TAU_HUMAN,sp|P10636-8|TAU_HUMAN,238,225
sp|P10636-8|TAU_HUMAN,sp|P10636-8|TAU_HUMAN,238,230
sp|P10636-8|TAU_HUMAN,sp|P10636-8|TAU_HUMAN,238,234
sp|P10636-8|TAU_HUMAN,sp|P10636-8|TAU_HUMAN,238,240
sp|P10636-8|TAU_HUMAN,sp|P10636-8|TAU_HUMAN,238,242
sp|P10636-8|TAU_HUMAN,sp|P10636-8|TAU_HUMAN,238,254
sp|P10636-8|TAU_HUMAN,sp|P10636-8|TAU_HUMAN,238,257
sp|P10636-8|TAU_HUMAN,sp|P10636-8|TAU_HUMAN,238,259
sp|P10636-8|TAU_HUMAN,sp|P10636-8|TAU_HUMAN,238,267
sp|P10636-8|TAU_HUMAN,sp|P10636-8|TAU_HUMAN,238,268
sp|P10636-8|TAU_HUMAN,sp|P10636-8|TAU_HUMAN,238,274
sp|P10636-8|TAU_HUMAN,sp|P10636-8|TAU_HUMAN,238,280
sp|P10636-8|TAU_HUMAN,sp|P10636-8|TAU_HUMAN,238,281
sp|P10636-8|TAU_HUMAN,sp|P10636-8|TAU_HUMAN,238,290
sp|P10636-8|TAU_HUMAN,sp|P10636-8|TAU_HUMAN,111,67
sp|P10636-8|TAU_HUMAN,sp|P10636-8|TAU_HUMAN,111,87
sp|P10636-8|TAU_HUMAN,sp|P10636-8|TAU_HUMAN,111,94
sp|P10636-8|TAU_HUMAN,sp|P10636-8|TAU_HUMAN,111,121
sp|P10636-8|TAU_HUMAN,sp|P10636-8|TAU_HUMAN,111,126
sp|P10636-8|TAU_HUMAN,sp|P10636-8|TAU_HUMAN,111,130
sp|P10636-8|TAU_HUMAN,sp|P10636-8|TAU_HUMAN,111,132
sp|P10636-8|TAU_HUMAN,sp|P10636-8|TAU_HUMAN,111,140
sp|P10636-8|TAU_HUMAN,sp|P10636-8|TAU_HUMAN,111,141
sp|P10636-8|TAU_HUMAN,sp|P10636-8|TAU_HUMAN,111,143
sp|P10636-8|TAU_HUMAN,sp|P10636-8|TAU_HUMAN,111,148
sp|P10636-8|TAU_HUMAN,sp|P10636-8|TAU_HUMAN,111,150
sp|P10636-8|TAU_HUMAN,sp|P10636-8|TAU_HUMAN,111,155
sp|P10636-8|TAU_HUMAN,sp|P10636-8|TAU_HUMAN,111,163
sp|P10636-8|TAU_HUMAN,sp|P10636-8|TAU_HUMAN,113,67
sp|P10636-8|TAU_HUMAN,sp|P10636-8|TAU_HUMAN,113,87
sp|P10636-8|TAU_HUMAN,sp|P10636-8|TAU_HUMAN,113,94
sp|P10636-8|TAU_HUMAN,sp|P10636-8|TAU_HUMAN,113,121
sp|P10636-8|TAU_HUMAN,sp|P10636-8|TAU_HUMAN,113,126
sp|P10636-8|TAU_HUMAN,sp|P10636-8|TAU_HUMAN,113,130
sp|P10636-8|TAU_HUMAN,sp|P10636-8|TAU_HUMAN,113,132
sp|P10636-8|TAU_HUMAN,sp|P10636-8|TAU_HUMAN,113,140
sp|P10636-8|TAU_HUMAN,sp|P10636-8|TAU_HUMAN,113,141
sp|P10636-8|TAU_HUMAN,sp|P10636-8|TAU_HUMAN,113,143
sp|P10636-8|TAU_HUMAN,sp|P10636-8|TAU_HUMAN,113,148
sp|P10636-8|TAU_HUMAN,sp|P10636-8|TAU_HUMAN,113,150
sp|P10636-8|TAU_HUMAN,sp|P10636-8|TAU_HUMAN,113,155
sp|P10636-8|TAU_HUMAN,sp|P10636-8|TAU_HUMAN,113,163
sp|P10636-8|TAU_HUMAN,sp|P10636-8|TAU_HUMAN,241,190
sp|P10636-8|TAU_HUMAN,sp|P10636-8|TAU_HUMAN,241,194
sp|P10636-8|TAU_HUMAN,sp|P10636-8|TAU_HUMAN,241,209
sp|P10636-8|TAU_HUMAN,sp|P10636-8|TAU_HUMAN,241,211
sp|P10636-8|TAU_HUMAN,sp|P10636-8|TAU_HUMAN,241,221
sp|P10636-8|TAU_HUMAN,sp|P10636-8|TAU_HUMAN,241,224
sp|P10636-8|TAU_HUMAN,sp|P10636-8|TAU_HUMAN,241,225
sp|P10636-8|TAU_HUMAN,sp|P10636-8|TAU_HUMAN,241,230
sp|P10636-8|TAU_HUMAN,sp|P10636-8|TAU_HUMAN,241,234
sp|P10636-8|TAU_HUMAN,sp|P10636-8|TAU_HUMAN,241,240
sp|P10636-8|TAU_HUMAN,sp|P10636-8|TAU_HUMAN,241,242
sp|P10636-8|TAU_HUMAN,sp|P10636-8|TAU_HUMAN,241,254
sp|P10636-8|TAU_HUMAN,sp|P10636-8|TAU_HUMAN,241,257
sp|P10636-8|TAU_HUMAN,sp|P10636-8|TAU_HUMAN,241,259
sp|P10636-8|TAU_HUMAN,sp|P10636-8|TAU_HUMAN,241,267
sp|P10636-8|TAU_HUMAN,sp|P10636-8|TAU_HUMAN,241,268
sp|P10636-8|TAU_HUMAN,sp|P10636-8|TAU_HUMAN,241,274
sp|P10636-8|TAU_HUMAN,sp|P10636-8|TAU_HUMAN,241,280
sp|P10636-8|TAU_HUMAN,sp|P10636-8|TAU_HUMAN,241,281
sp|P10636-8|TAU_HUMAN,sp|P10636-8|TAU_HUMAN,241,290
sp|P10636-8|TAU_HUMAN,sp|P10636-8|TAU_HUMAN,241,294
sp|P10636-8|TAU_HUMAN,sp|P10636-8|TAU_HUMAN,245,194
sp|P10636-8|TAU_HUMAN,sp|P10636-8|TAU_HUMAN,245,209
sp|P10636-8|TAU_HUMAN,sp|P10636-8|TAU_HUMAN,245,211
sp|P10636-8|TAU_HUMAN,sp|P10636-8|TAU_HUMAN,245,221
sp|P10636-8|TAU_HUMAN,sp|P10636-8|TAU_HUMAN,245,224
sp|P10636-8|TAU_HUMAN,sp|P10636-8|TAU_HUMAN,245,225
sp|P10636-8|TAU_HUMAN,sp|P10636-8|TAU_HUMAN,245,230
sp|P10636-8|TAU_HUMAN,sp|P10636-8|TAU_HUMAN,245,234
sp|P10636-8|TAU_HUMAN,sp|P10636-8|TAU_HUMAN,245,240
sp|P10636-8|TAU_HUMAN,sp|P10636-8|TAU_HUMAN,245,242
sp|P10636-8|TAU_HUMAN,sp|P10636-8|TAU_HUMAN,245,254
sp|P10636-8|TAU_HUMAN,sp|P10636-8|TAU_HUMAN,245,257
sp|P10636-8|TAU_HUMAN,sp|P10636-8|TAU_HUMAN,245,259
sp|P10636-8|TAU_HUMAN,sp|P10636-8|TAU_HUMAN,245,267
sp|P10636-8|TAU_HUMAN,sp|P10636-8|TAU_HUMAN,245,268
sp|P10636-8|TAU_HUMAN,sp|P10636-8|TAU_HUMAN,245,274
sp|P10636-8|TAU_HUMAN,sp|P10636-8|TAU_HUMAN,245,280
sp|P10636-8|TAU_HUMAN,sp|P10636-8|TAU_HUMAN,245,281
sp|P10636-8|TAU_HUMAN,sp|P10636-8|TAU_HUMAN,245,290
sp|P10636-8|TAU_HUMAN,sp|P10636-8|TAU_HUMAN,245,294
sp|P10636-8|TAU_HUMAN,sp|P10636-8|TAU_HUMAN,245,298
sp|P10636-8|TAU_HUMAN,sp|P10636-8|TAU_HUMAN,245,299
sp|P10636-8|TAU_HUMAN,sp|P10636-8|TAU_HUMAN,373,321
sp|P10636-8|TAU_HUMAN,sp|P10636-8|TAU_HUMAN,373,329
sp|P10636-8|TAU_HUMAN,sp|P10636-8|TAU_HUMAN,373,330
sp|P10636-8|TAU_HUMAN,sp|P10636-8|TAU_HUMAN,373,331
sp|P10636-8|TAU_HUMAN,sp|P10636-8|TAU_HUMAN,373,340
sp|P10636-8|TAU_HUMAN,sp|P10636-8|TAU_HUMAN,373,343
sp|P10636-8|TAU_HUMAN,sp|P10636-8|TAU_HUMAN,373,347
sp|P10636-8|TAU_HUMAN,sp|P10636-8|TAU_HUMAN,373,349
sp|P10636-8|TAU_HUMAN,sp|P10636-8|TAU_HUMAN,373,353
sp|P10636-8|TAU_HUMAN,sp|P10636-8|TAU_HUMAN,373,362
sp|P10636-8|TAU_HUMAN,sp|P10636-8|TAU_HUMAN,373,369
sp|P10636-8|TAU_HUMAN,sp|P10636-8|TAU_HUMAN,373,370
sp|P10636-8|TAU_HUMAN,sp|P10636-8|TAU_HUMAN,373,374
sp|P10636-8|TAU_HUMAN,sp|P10636-8|TAU_HUMAN,373,375
sp|P10636-8|TAU_HUMAN,sp|P10636-8|TAU_HUMAN,373,379
sp|P10636-8|TAU_HUMAN,sp|P10636-8|TAU_HUMAN,373,383
sp|P10636-8|TAU_HUMAN,sp|P10636-8|TAU_HUMAN,373,385
sp|P10636-8|TAU_HUMAN,sp|P10636-8|TAU_HUMAN,373,388
sp|P10636-8|TAU_HUMAN,sp|P10636-8|TAU_HUMAN,373,395
sp|P10636-8|TAU_HUMAN,sp|P10636-8|TAU_HUMAN,373,406
sp|P10636-8|TAU_HUMAN,sp|P10636-8|TAU_HUMAN,373,407
sp|P10636-8|TAU_HUMAN,sp|P10636-8|TAU_HUMAN,377,329
sp|P10636-8|TAU_HUMAN,sp|P10636-8|TAU_HUMAN,377,330
sp|P10636-8|TAU_HUMAN,sp|P10636-8|TAU_HUMAN,377,331
sp|P10636-8|TAU_HUMAN,sp|P10636-8|TAU_HUMAN,377,340
sp|P10636-8|TAU_HUMAN,sp|P10636-8|TAU_HUMAN,377,343
sp|P10636-8|TAU_HUMAN,sp|P10636-8|TAU_HUMAN,377,347
sp|P10636-8|TAU_HUMAN,sp|P10636-8|TAU_HUMAN,377,349
sp|P10636-8|TAU_HUMAN,sp|P10636-8|TAU_HUMAN,377,353
sp|P10636-8|TAU_HUMAN,sp|P10636-8|TAU_HUMAN,377,362
sp|P10636-8|TAU_HUMAN,sp|P10636-8|TAU_HUMAN,377,369
sp|P10636-8|TAU_HUMAN,sp|P10636-8|TAU_HUMAN,377,370
sp|P10636-8|TAU_HUMAN,sp|P10636-8|TAU_HUMAN,377,374
sp|P10636-8|TAU_HUMAN,sp|P10636-8|TAU_HUMAN,377,375
sp|P10636-8|TAU_HUMAN,sp|P10636-8|TAU_HUMAN,377,379
sp|P10636-8|TAU_HUMAN,sp|P10636-8|TAU_HUMAN,377,383
sp|P10636-8|TAU_HUMAN,sp|P10636-8|TAU_HUMAN,377,385
sp|P10636-8|TAU_HUMAN,sp|P10636-8|TAU_HUMAN,377,388
sp|P10636-8|TAU_HUMAN,sp|P10636-8|TAU_HUMAN,377,395
sp|P10636-8|TAU_HUMAN,sp|P10636-8|TAU_HUMAN,377,406
sp|P10636-8|TAU_HUMAN,sp|P10636-8|TAU_HUMAN,377,407
sp|P10636-8|TAU_HUMAN,sp|P10636-8|TAU_HUMAN,123,87
sp|P10636-8|TAU_HUMAN,sp|P10636-8|TAU_HUMAN,123,94
sp|P10636-8|TAU_HUMAN,sp|P10636-8|TAU_HUMAN,123,121
sp|P10636-8|TAU_HUMAN,sp|P10636-8|TAU_HUMAN,123,126
sp|P10636-8|TAU_HUMAN,sp|P10636-8|TAU_HUMAN,123,130
sp|P10636-8|TAU_HUMAN,sp|P10636-8|TAU_HUMAN,123,132
sp|P10636-8|TAU_HUMAN,sp|P10636-8|TAU_HUMAN,123,140
sp|P10636-8|TAU_HUMAN,sp|P10636-8|TAU_HUMAN,123,141
sp|P10636-8|TAU_HUMAN,sp|P10636-8|TAU_HUMAN,123,143
sp|P10636-8|TAU_HUMAN,sp|P10636-8|TAU_HUMAN,123,148
sp|P10636-8|TAU_HUMAN,sp|P10636-8|TAU_HUMAN,123,150
sp|P10636-8|TAU_HUMAN,sp|P10636-8|TAU_HUMAN,123,155
sp|P10636-8|TAU_HUMAN,sp|P10636-8|TAU_HUMAN,123,163
sp|P10636-8|TAU_HUMAN,sp|P10636-8|TAU_HUMAN,123,170
sp|P10636-8|TAU_HUMAN,sp|P10636-8|TAU_HUMAN,123,174